"market","coin","coinname"
"okex","Litecoin","Litecoin#okex"
"okex","Bitcoin","Bitcoin#okex"
"okex","Ethereum","Ethereum#okex"
"okex","Bitcoin Cash","Bitcoin Cash#okex"
"okex","Ethereum Classic","Ethereum Classic#okex"
"okex","IoT Chain","IoT Chain#okex"
"okex","aelf","aelf#okex"
"okex","ICON","ICON#okex"
"okex","Qtum","Qtum#okex"
"okex","EOS","EOS#okex"
"okex","Decentraland","Decentraland#okex"
"okex","Bitcoin Gold","Bitcoin Gold#okex"
"okex","IOTA","IOTA#okex"
"okex","Hshare","Hshare#okex"
"okex","Kyber Network","Kyber Network#okex"
"okex","Bitcoin Diamond","Bitcoin Diamond#okex"
"okex","OmiseGO","OmiseGO#okex"
"okex","Achain","Achain#okex"
"okex","NEO","NEO#okex"
"okex","Datum","Datum#okex"
"okex","MicroMoney","MicroMoney#okex"
"okex","Nuls","Nuls#okex"
"okex","Dash","Dash#okex"
"okex","Exchange Union","Exchange Union#okex"
"okex","Genaro Network","Genaro Network#okex"
"okex","Zcash","Zcash#okex"
"okex","TRON","TRON#okex"
"okex","Centra","Centra#okex"
"okex","BLOCKv","BLOCKv#okex"
"okex","Bytom","Bytom#okex"
"okex","FirstBlood","FirstBlood#okex"
"okex","ProChain","ProChain#okex"
"okex","DigiByte","DigiByte#okex"
"okex","Loopring","Loopring#okex"
"okex","FunFair","FunFair#okex"
"okex","TenX","TenX#okex"
"okex","Ripio Credit Network","Ripio Credit Network#okex"
"okex","Storj","Storj#okex"
"okex","BitcoinX [Futures]","BitcoinX [Futures]#okex"
"okex","Civic","Civic#okex"
"okex","NEM","NEM#okex"
"okex","SALT","SALT#okex"
"okex","Monaco","Monaco#okex"
"okex","Ace","Ace#okex"
"okex","Gas","Gas#okex"
"okex","ChainLink","ChainLink#okex"
"okex","0x","0x#okex"
"okex","SingularDTV","SingularDTV#okex"
"okex","Eidoo","Eidoo#okex"
"okex","SONM","SONM#okex"
"okex","Substratum","Substratum#okex"
"okex","district0x","district0x#okex"
"okex","Monetha","Monetha#okex"
"okex","DigixDAO","DigixDAO#okex"
"okex","Aventus","Aventus#okex"
"okex","Ark","Ark#okex"
"okex","Everex","Everex#okex"
"okex","Walton","Walton#okex"
"okex","Request Network","Request Network#okex"
"okex","Santiment Network Token","Santiment Network Token#okex"
"binance","Ripple","Ripple#binance"
"binance","Bitcoin","Bitcoin#binance"
"binance","Verge","Verge#binance"
"binance","Ethereum","Ethereum#binance"
"binance","Bitcoin Cash","Bitcoin Cash#binance"
"binance","TRON","TRON#binance"
"binance","ETHLend","ETHLend#binance"
"binance","IOTA","IOTA#binance"
"binance","ICON","ICON#binance"
"binance","Litecoin","Litecoin#binance"
"binance","VeChain","VeChain#binance"
"binance","Hshare","Hshare#binance"
"binance","Cardano","Cardano#binance"
"binance","Qtum","Qtum#binance"
"binance","aelf","aelf#binance"
"binance","Binance Coin","Binance Coin#binance"
"binance","NEO","NEO#binance"
"binance","SALT","SALT#binance"
"binance","Stellar","Stellar#binance"
"binance","Po.et","Po.et#binance"
"binance","Monaco","Monaco#binance"
"binance","Stratis","Stratis#binance"
"binance","EOS","EOS#binance"
"binance","Bread","Bread#binance"
"binance","CyberMiles","CyberMiles#binance"
"binance","Dash","Dash#binance"
"binance","BitShares","BitShares#binance"
"binance","Lisk","Lisk#binance"
"binance","Monero","Monero#binance"
"binance","AdEx","AdEx#binance"
"binance","OmiseGO","OmiseGO#binance"
"binance","Etherparty","Etherparty#binance"
"binance","Ethereum Classic","Ethereum Classic#binance"
"binance","Ripio Credit Network","Ripio Credit Network#binance"
"binance","Walton","Walton#binance"
"binance","Quantstamp","Quantstamp#binance"
"binance","Time New Bank","Time New Bank#binance"
"binance","Power Ledger","Power Ledger#binance"
"binance","Storj","Storj#binance"
"binance","Centra","Centra#binance"
"binance","Enigma","Enigma#binance"
"binance","Modum","Modum#binance"
"binance","Status","Status#binance"
"binance","Decentraland","Decentraland#binance"
"binance","Substratum","Substratum#binance"
"binance","ZCoin","ZCoin#binance"
"binance","Ethos","Ethos#binance"
"binance","Cindicator","Cindicator#binance"
"binance","Komodo","Komodo#binance"
"binance","Ark","Ark#binance"
"binance","Zcash","Zcash#binance"
"binance","Bitcoin Gold","Bitcoin Gold#binance"
"binance","CoinDash","CoinDash#binance"
"binance","WaBi","WaBi#binance"
"binance","Gifto","Gifto#binance"
"binance","Lunyr","Lunyr#binance"
"binance","Monetha","Monetha#binance"
"binance","Bancor","Bancor#binance"
"binance","district0x","district0x#binance"
"binance","Viberate","Viberate#binance"
"binance","Aion","Aion#binance"
"binance","Request Network","Request Network#binance"
"binance","Enjin Coin","Enjin Coin#binance"
"binance","AirSwap","AirSwap#binance"
"binance","0x","0x#binance"
"binance","Metal","Metal#binance"
"binance","Nuls","Nuls#binance"
"binance","Basic Attention Token","Basic Attention Token#binance"
"binance","SONM","SONM#binance"
"binance","NAV Coin","NAV Coin#binance"
"binance","ChainLink","ChainLink#binance"
"binance","Raiden Network Token","Raiden Network Token#binance"
"binance","FunFair","FunFair#binance"
"binance","Iconomi","Iconomi#binance"
"binance","Loopring","Loopring#binance"
"binance","Ambrosus","Ambrosus#binance"
"binance","BlockMason Credit Protocol","BlockMason Credit Protocol#binance"
"binance","Eidoo","Eidoo#binance"
"binance","Kyber Network","Kyber Network#binance"
"binance","DigixDAO","DigixDAO#binance"
"binance","Gas","Gas#binance"
"binance","GXShares","GXShares#binance"
"binance","Simple Token","Simple Token#binance"
"binance","YOYOW","YOYOW#binance"
"binance","Waves","Waves#binance"
"binance","Everex","Everex#binance"
"binance","SingularDTV","SingularDTV#binance"
"binance","Genesis Vision","Genesis Vision#binance"
"binance","Bitcoin Diamond","Bitcoin Diamond#binance"
"binance","Populous","Populous#binance"
"binance","Aeron","Aeron#binance"
"binance","Tierion","Tierion#binance"
"binance","Neblio","Neblio#binance"
"binance","Moeda Loyalty Points","Moeda Loyalty Points#binance"
"binance","Agrello","Agrello#binance"
"binance","Wings","Wings#binance"
"binance","OAX","OAX#binance"
"bithumb","Ripple","Ripple#bithumb"
"bithumb","Qtum","Qtum#bithumb"
"bithumb","Bitcoin","Bitcoin#bithumb"
"bithumb","EOS","EOS#bithumb"
"bithumb","Bitcoin Cash","Bitcoin Cash#bithumb"
"bithumb","Ethereum","Ethereum#bithumb"
"bithumb","Ethereum Classic","Ethereum Classic#bithumb"
"bithumb","Bitcoin Gold","Bitcoin Gold#bithumb"
"bithumb","Litecoin","Litecoin#bithumb"
"bithumb","Monero","Monero#bithumb"
"bithumb","Dash","Dash#bithumb"
"bithumb","Zcash","Zcash#bithumb"
"bittrex","Ripple","Ripple#bittrex"
"bittrex","Nxt","Nxt#bittrex"
"bittrex","Verge","Verge#bittrex"
"bittrex","ZClassic","ZClassic#bittrex"
"bittrex","Bitcoin","Bitcoin#bittrex"
"bittrex","Cardano","Cardano#bittrex"
"bittrex","Ethereum","Ethereum#bittrex"
"bittrex","Bitcoin Cash","Bitcoin Cash#bittrex"
"bittrex","Ripio Credit Network","Ripio Credit Network#bittrex"
"bittrex","Stellar","Stellar#bittrex"
"bittrex","Triggers","Triggers#bittrex"
"bittrex","SALT","SALT#bittrex"
"bittrex","Qtum","Qtum#bittrex"
"bittrex","Stratis","Stratis#bittrex"
"bittrex","Siacoin","Siacoin#bittrex"
"bittrex","Litecoin","Litecoin#bittrex"
"bittrex","ReddCoin","ReddCoin#bittrex"
"bittrex","Ardor","Ardor#bittrex"
"bittrex","Magi","Magi#bittrex"
"bittrex","Syscoin","Syscoin#bittrex"
"bittrex","Rise","Rise#bittrex"
"bittrex","Voxels","Voxels#bittrex"
"bittrex","Civic","Civic#bittrex"
"bittrex","NEO","NEO#bittrex"
"bittrex","DigiByte","DigiByte#bittrex"
"bittrex","TenX","TenX#bittrex"
"bittrex","OmiseGO","OmiseGO#bittrex"
"bittrex","Sphere","Sphere#bittrex"
"bittrex","Shift","Shift#bittrex"
"bittrex","Golem","Golem#bittrex"
"bittrex","BlackCoin","BlackCoin#bittrex"
"bittrex","Lisk","Lisk#bittrex"
"bittrex","Edgeless","Edgeless#bittrex"
"bittrex","PotCoin","PotCoin#bittrex"
"bittrex","Power Ledger","Power Ledger#bittrex"
"bittrex","NEM","NEM#bittrex"
"bittrex","ZCoin","ZCoin#bittrex"
"bittrex","Monaco","Monaco#bittrex"
"bittrex","Dogecoin","Dogecoin#bittrex"
"bittrex","Komodo","Komodo#bittrex"
"bittrex","Monero","Monero#bittrex"
"bittrex","Zcash","Zcash#bittrex"
"bittrex","AdEx","AdEx#bittrex"
"bittrex","HempCoin","HempCoin#bittrex"
"bittrex","Status","Status#bittrex"
"bittrex","Dash","Dash#bittrex"
"bittrex","CloakCoin","CloakCoin#bittrex"
"bittrex","Ethereum Classic","Ethereum Classic#bittrex"
"bittrex","Bancor","Bancor#bittrex"
"bittrex","Bitcoin Gold","Bitcoin Gold#bittrex"
"bittrex","Elastic","Elastic#bittrex"
"bittrex","Musicoin","Musicoin#bittrex"
"bittrex","Matchpool","Matchpool#bittrex"
"bittrex","Waves","Waves#bittrex"
"bittrex","Vertcoin","Vertcoin#bittrex"
"bittrex","PIVX","PIVX#bittrex"
"bittrex","BitBay","BitBay#bittrex"
"bittrex","VeriCoin","VeriCoin#bittrex"
"bittrex","Humaniq","Humaniq#bittrex"
"bittrex","Lunyr","Lunyr#bittrex"
"bittrex","NAV Coin","NAV Coin#bittrex"
"bittrex","Basic Attention Token","Basic Attention Token#bittrex"
"bittrex","Cofound.it","Cofound.it#bittrex"
"bittrex","Metal","Metal#bittrex"
"bittrex","Einsteinium","Einsteinium#bittrex"
"bittrex","Ark","Ark#bittrex"
"bittrex","SaluS","SaluS#bittrex"
"bittrex","Ubiq","Ubiq#bittrex"
"bittrex","FirstBlood","FirstBlood#bittrex"
"bittrex","Byteball Bytes","Byteball Bytes#bittrex"
"bittrex","Enigma","Enigma#bittrex"
"bittrex","Patientory","Patientory#bittrex"
"bittrex","DECENT","DECENT#bittrex"
"bittrex","Expanse","Expanse#bittrex"
"bittrex","Burst","Burst#bittrex"
"bittrex","Blocknet","Blocknet#bittrex"
"bittrex","OKCash","OKCash#bittrex"
"bittrex","NuBits","NuBits#bittrex"
"bittrex","ZenCash","ZenCash#bittrex"
"bittrex","DigitalNote","DigitalNote#bittrex"
"bittrex","LBRY Credits","LBRY Credits#bittrex"
"bittrex","Viberate","Viberate#bittrex"
"bittrex","UnbreakableCoin","UnbreakableCoin#bittrex"
"bittrex","Memetic / PepeCoin","Memetic / PepeCoin#bittrex"
"bittrex","Decentraland","Decentraland#bittrex"
"bittrex","MonaCoin","MonaCoin#bittrex"
"bittrex","Steem","Steem#bittrex"
"bittrex","Augur","Augur#bittrex"
"bittrex","NeosCoin","NeosCoin#bittrex"
"bittrex","Synereo","Synereo#bittrex"
"bittrex","Groestlcoin","Groestlcoin#bittrex"
"bittrex","Syndicate","Syndicate#bittrex"
"bittrex","Numeraire","Numeraire#bittrex"
"bittrex","Internet of People","Internet of People#bittrex"
"bittrex","FunFair","FunFair#bittrex"
"bittrex","GameCredits","GameCredits#bittrex"
"bittrex","district0x","district0x#bittrex"
"bittrex","Decred","Decred#bittrex"
"bittrex","Blocktix","Blocktix#bittrex"
"bittrex","Viacoin","Viacoin#bittrex"
"bittrex","Storj","Storj#bittrex"
"bittrex","Radium","Radium#bittrex"
"bittrex","Creditbit","Creditbit#bittrex"
"bittrex","Kore","Kore#bittrex"
"bittrex","Quantum Resistant Ledger","Quantum Resistant Ledger#bittrex"
"bittrex","eBoost","eBoost#bittrex"
"bittrex","Capricoin","Capricoin#bittrex"
"bittrex","Omni","Omni#bittrex"
"bittrex","Factom","Factom#bittrex"
"bittrex","Nexus","Nexus#bittrex"
"bittrex","MaidSafeCoin","MaidSafeCoin#bittrex"
"bittrex","Particl","Particl#bittrex"
"bittrex","Myriad","Myriad#bittrex"
"bittrex","MonetaryUnit","MonetaryUnit#bittrex"
"bittrex","LoMoCoin","LoMoCoin#bittrex"
"bittrex","FoldingCoin","FoldingCoin#bittrex"
"bittrex","Dynamic","Dynamic#bittrex"
"bittrex","BitBean","BitBean#bittrex"
"bittrex","ExclusiveCoin","ExclusiveCoin#bittrex"
"bittrex","Swarm City","Swarm City#bittrex"
"bittrex","Feathercoin","Feathercoin#bittrex"
"bittrex","Gnosis","Gnosis#bittrex"
"bittrex","Legends Room","Legends Room#bittrex"
"bittrex","Wings","Wings#bittrex"
"bittrex","Nexium","Nexium#bittrex"
"bittrex","SpreadCoin","SpreadCoin#bittrex"
"bittrex","PinkCoin","PinkCoin#bittrex"
"bittrex","CannabisCoin","CannabisCoin#bittrex"
"bittrex","WeTrust","WeTrust#bittrex"
"bittrex","Steem Dollars","Steem Dollars#bittrex"
"bittrex","ArtByte","ArtByte#bittrex"
"bittrex","Aragon","Aragon#bittrex"
"bittrex","Gulden","Gulden#bittrex"
"bittrex","DopeCoin","DopeCoin#bittrex"
"bittrex","Mercury","Mercury#bittrex"
"bittrex","Circuits of Value","Circuits of Value#bittrex"
"bittrex","Global Currency Reserve","Global Currency Reserve#bittrex"
"bittrex","Mysterium","Mysterium#bittrex"
"bittrex","2GIVE","2GIVE#bittrex"
"bittrex","ClubCoin","ClubCoin#bittrex"
"bittrex","Counterparty","Counterparty#bittrex"
"bittrex","BitcoinDark","BitcoinDark#bittrex"
"bittrex","Startcoin","Startcoin#bittrex"
"bittrex","iExec RLC","iExec RLC#bittrex"
"bittrex","Aeon","Aeon#bittrex"
"bittrex","ParkByte","ParkByte#bittrex"
"bittrex","Agoras Tokens","Agoras Tokens#bittrex"
"bittrex","Peercoin","Peercoin#bittrex"
"bittrex","Bitcrystals","Bitcrystals#bittrex"
"bittrex","BitSend","BitSend#bittrex"
"bittrex","TransferCoin","TransferCoin#bittrex"
"bittrex","GridCoin","GridCoin#bittrex"
"bittrex","DigixDAO","DigixDAO#bittrex"
"bittrex","Stealthcoin","Stealthcoin#bittrex"
"bittrex","Qwark","Qwark#bittrex"
"bittrex","Databits","Databits#bittrex"
"bittrex","ION","ION#bittrex"
"bittrex","Diamond","Diamond#bittrex"
"bittrex","Golos","Golos#bittrex"
"bittrex","FlorinCoin","FlorinCoin#bittrex"
"bittrex","SIBCoin","SIBCoin#bittrex"
"bittrex","e-Gulden","e-Gulden#bittrex"
"bittrex","Crown","Crown#bittrex"
"bittrex","Project Decorum","Project Decorum#bittrex"
"bittrex","Energycoin","Energycoin#bittrex"
"bittrex","Bytecent","Bytecent#bittrex"
"bittrex","EuropeCoin","EuropeCoin#bittrex"
"bittrex","WhiteCoin","WhiteCoin#bittrex"
"bittrex","Sequence","Sequence#bittrex"
"bittrex","Influxcoin","Influxcoin#bittrex"
"bittrex","Rubycoin","Rubycoin#bittrex"
"bittrex","vTorrent","vTorrent#bittrex"
"bittrex","Emercoin","Emercoin#bittrex"
"bittrex","Gambit","Gambit#bittrex"
"bittrex","Incent","Incent#bittrex"
"bittrex","SolarCoin","SolarCoin#bittrex"
"bittrex","adToken","adToken#bittrex"
"bittrex","I/O Coin","I/O Coin#bittrex"
"bittrex","Curecoin","Curecoin#bittrex"
"bittrex","Auroracoin","Auroracoin#bittrex"
"bittrex","GeoCoin","GeoCoin#bittrex"
"bittrex","Blitzcash","Blitzcash#bittrex"
"bittrex","Vcash","Vcash#bittrex"
"bittrex","SingularDTV","SingularDTV#bittrex"
"bittrex","Melon","Melon#bittrex"
"bittrex","Breakout","Breakout#bittrex"
"bittrex","EverGreenCoin","EverGreenCoin#bittrex"
"bittrex","Golos Gold","Golos Gold#bittrex"
"bittrex","Bitswift","Bitswift#bittrex"
"bittrex","GoldCoin","GoldCoin#bittrex"
"bittrex","VeriumReserve","VeriumReserve#bittrex"
"bittrex","Clams","Clams#bittrex"
"bittrex","Pesetacoin","Pesetacoin#bittrex"
"bittrex","Tokes","Tokes#bittrex"
"bittrex","TrustPlus","TrustPlus#bittrex"
"bittrex","Synergy","Synergy#bittrex"
"bittrex","FairCoin","FairCoin#bittrex"
"bittrex","APX","APX#bittrex"
"bittrex","Breakout Stake","Breakout Stake#bittrex"
"bitfinex","Bitcoin","Bitcoin#bitfinex"
"bitfinex","Ripple","Ripple#bitfinex"
"bitfinex","Ethereum","Ethereum#bitfinex"
"bitfinex","IOTA","IOTA#bitfinex"
"bitfinex","Tether","Tether#bitfinex"
"bitfinex","Bitcoin Cash","Bitcoin Cash#bitfinex"
"bitfinex","Litecoin","Litecoin#bitfinex"
"bitfinex","EOS","EOS#bitfinex"
"bitfinex","Ethereum Classic","Ethereum Classic#bitfinex"
"bitfinex","NEO","NEO#bitfinex"
"bitfinex","Dash","Dash#bitfinex"
"bitfinex","Monero","Monero#bitfinex"
"bitfinex","OmiseGO","OmiseGO#bitfinex"
"bitfinex","Zcash","Zcash#bitfinex"
"bitfinex","Bitcoin Gold","Bitcoin Gold#bitfinex"
"bitfinex","Qtum","Qtum#bitfinex"
"bitfinex","Metaverse ETP","Metaverse ETP#bitfinex"
"bitfinex","Status","Status#bitfinex"
"bitfinex","Eidoo","Eidoo#bitfinex"
"bitfinex","Golem","Golem#bitfinex"
"bitfinex","Santiment Network Token","Santiment Network Token#bitfinex"
"bitfinex","YOYOW","YOYOW#bitfinex"
"bitfinex","Streamr DATAcoin","Streamr DATAcoin#bitfinex"
"bitfinex","BT2 [CST]","BT2 [CST]#bitfinex"
"bitfinex","QASH","QASH#bitfinex"
"bitfinex","Aventus","Aventus#bitfinex"
"bitfinex","BT1 [CST]","BT1 [CST]#bitfinex"
"bitfinex","Bitcoin Unlimited (Futures)","Bitcoin Unlimited (Futures)#bitfinex"
"bitmex","Bitcoin","Bitcoin#bitmex"
"gdax","Bitcoin","Bitcoin#gdax"
"gdax","Litecoin","Litecoin#gdax"
"gdax","Ethereum","Ethereum#gdax"
"gdax","Bitcoin Cash","Bitcoin Cash#gdax"
"poloniex","Ripple","Ripple#poloniex"
"poloniex","Bitcoin","Bitcoin#poloniex"
"poloniex","Ethereum","Ethereum#poloniex"
"poloniex","Nxt","Nxt#poloniex"
"poloniex","Stellar","Stellar#poloniex"
"poloniex","Bitcoin Cash","Bitcoin Cash#poloniex"
"poloniex","Litecoin","Litecoin#poloniex"
"poloniex","Monero","Monero#poloniex"
"poloniex","Siacoin","Siacoin#poloniex"
"poloniex","NEM","NEM#poloniex"
"poloniex","DigiByte","DigiByte#poloniex"
"poloniex","BitShares","BitShares#poloniex"
"poloniex","Stratis","Stratis#poloniex"
"poloniex","Ethereum Classic","Ethereum Classic#poloniex"
"poloniex","Dogecoin","Dogecoin#poloniex"
"poloniex","Dash","Dash#poloniex"
"poloniex","Lisk","Lisk#poloniex"
"poloniex","Zcash","Zcash#poloniex"
"poloniex","Ardor","Ardor#poloniex"
"poloniex","PotCoin","PotCoin#poloniex"
"poloniex","Golem","Golem#poloniex"
"poloniex","OmiseGO","OmiseGO#poloniex"
"poloniex","Syscoin","Syscoin#poloniex"
"poloniex","MaidSafeCoin","MaidSafeCoin#poloniex"
"poloniex","Civic","Civic#poloniex"
"poloniex","Bytecoin","Bytecoin#poloniex"
"poloniex","Vertcoin","Vertcoin#poloniex"
"poloniex","Burst","Burst#poloniex"
"poloniex","Augur","Augur#poloniex"
"poloniex","Einsteinium","Einsteinium#poloniex"
"poloniex","Factom","Factom#poloniex"
"poloniex","0x","0x#poloniex"
"poloniex","Steem","Steem#poloniex"
"poloniex","BlackCoin","BlackCoin#poloniex"
"poloniex","Omni","Omni#poloniex"
"poloniex","NeosCoin","NeosCoin#poloniex"
"poloniex","LBRY Credits","LBRY Credits#poloniex"
"poloniex","Expanse","Expanse#poloniex"
"poloniex","NAV Coin","NAV Coin#poloniex"
"poloniex","GameCredits","GameCredits#poloniex"
"poloniex","Synereo","Synereo#poloniex"
"poloniex","VeriCoin","VeriCoin#poloniex"
"poloniex","Decred","Decred#poloniex"
"poloniex","FoldingCoin","FoldingCoin#poloniex"
"poloniex","Nexium","Nexium#poloniex"
"poloniex","Primecoin","Primecoin#poloniex"
"poloniex","BitcoinDark","BitcoinDark#poloniex"
"poloniex","Pascal Coin","Pascal Coin#poloniex"
"poloniex","Viacoin","Viacoin#poloniex"
"poloniex","Gas","Gas#poloniex"
"poloniex","Clams","Clams#poloniex"
"poloniex","Gnosis","Gnosis#poloniex"
"poloniex","Storj","Storj#poloniex"
"poloniex","PinkCoin","PinkCoin#poloniex"
"poloniex","Peercoin","Peercoin#poloniex"
"poloniex","GridCoin","GridCoin#poloniex"
"poloniex","Radium","Radium#poloniex"
"poloniex","FlorinCoin","FlorinCoin#poloniex"
"poloniex","Bitcrystals","Bitcrystals#poloniex"
"poloniex","Counterparty","Counterparty#poloniex"
"poloniex","Bela","Bela#poloniex"
"poloniex","Bitmark","Bitmark#poloniex"
"poloniex","Riecoin","Riecoin#poloniex"
"poloniex","Namecoin","Namecoin#poloniex"
"poloniex","Bitcoin Plus","Bitcoin Plus#poloniex"
"poloniex","Vcash","Vcash#poloniex"
"poloniex","Steem Dollars","Steem Dollars#poloniex"
"poloniex","HunterCoin","HunterCoin#poloniex"
"huobi","Bitcoin","Bitcoin#huobi"
"huobi","Ripple","Ripple#huobi"
"huobi","Bitcoin Cash","Bitcoin Cash#huobi"
"huobi","Qtum","Qtum#huobi"
"huobi","Ethereum","Ethereum#huobi"
"huobi","aelf","aelf#huobi"
"huobi","SmartMesh","SmartMesh#huobi"
"huobi","Litecoin","Litecoin#huobi"
"huobi","EOS","EOS#huobi"
"huobi","Ethereum Classic","Ethereum Classic#huobi"
"huobi","VeChain","VeChain#huobi"
"huobi","OmiseGO","OmiseGO#huobi"
"huobi","Dash","Dash#huobi"
"huobi","WAX","WAX#huobi"
"huobi","Zcash","Zcash#huobi"
"huobi","Hshare","Hshare#huobi"
"huobi","Ripio Credit Network","Ripio Credit Network#huobi"
"huobi","IoT Chain","IoT Chain#huobi"
"huobi","Civic","Civic#huobi"
"huobi","DigixDAO","DigixDAO#huobi"
"huobi","Nebulas","Nebulas#huobi"
"huobi","Monaco","Monaco#huobi"
"huobi","SALT","SALT#huobi"
"huobi","Kyber Network","Kyber Network#huobi"
"huobi","NEO","NEO#huobi"
"huobi","Basic Attention Token","Basic Attention Token#huobi"
"huobi","Gas","Gas#huobi"
"huobi","CyberMiles","CyberMiles#huobi"
"huobi","Bytom","Bytom#huobi"
"huobi","Raiden Network Token","Raiden Network Token#huobi"
"huobi","Time New Bank","Time New Bank#huobi"
"huobi","Bitcoin Gold","Bitcoin Gold#huobi"
"huobi","Decentraland","Decentraland#huobi"
"huobi","Quantstamp","Quantstamp#huobi"
"huobi","BitcoinX [Futures]","BitcoinX [Futures]#huobi"
"huobi","TenX","TenX#huobi"
"huobi","QASH","QASH#huobi"
"huobi","Bitcoin Diamond","Bitcoin Diamond#huobi"
"huobi","Storj","Storj#huobi"
"huobi","Golem","Golem#huobi"
"huobi","Metal","Metal#huobi"
"huobi","Tierion","Tierion#huobi"
"huobi","Super Bitcoin","Super Bitcoin#huobi"
"huobi","Status","Status#huobi"
"huobi","0x","0x#huobi"
"huobi","AirSwap","AirSwap#huobi"
"bitstamp","Bitcoin","Bitcoin#bitstamp"
"bitstamp","Ripple","Ripple#bitstamp"
"bitstamp","Ethereum","Ethereum#bitstamp"
"bitstamp","Bitcoin Cash","Bitcoin Cash#bitstamp"
"bitstamp","Litecoin","Litecoin#bitstamp"
"hitbtc","Bitcoin Cash","Bitcoin Cash#hitbtc"
"hitbtc","Bitcoin","Bitcoin#hitbtc"
"hitbtc","Ethereum","Ethereum#hitbtc"
"hitbtc","Monero","Monero#hitbtc"
"hitbtc","Dash","Dash#hitbtc"
"hitbtc","Zcash","Zcash#hitbtc"
"hitbtc","Ripple","Ripple#hitbtc"
"hitbtc","Nxt","Nxt#hitbtc"
"hitbtc","Bitcoin Gold","Bitcoin Gold#hitbtc"
"hitbtc","DigitalNote","DigitalNote#hitbtc"
"hitbtc","Litecoin","Litecoin#hitbtc"
"hitbtc","Bytecoin","Bytecoin#hitbtc"
"hitbtc","NEM","NEM#hitbtc"
"hitbtc","Cappasity","Cappasity#hitbtc"
"hitbtc","Verge","Verge#hitbtc"
"hitbtc","EOS","EOS#hitbtc"
"hitbtc","TRON","TRON#hitbtc"
"hitbtc","Storm","Storm#hitbtc"
"hitbtc","Ormeus Coin","Ormeus Coin#hitbtc"
"hitbtc","NEO","NEO#hitbtc"
"hitbtc","Ardor","Ardor#hitbtc"
"hitbtc","BitConnect","BitConnect#hitbtc"
"hitbtc","SegWit2x [Futures]","SegWit2x [Futures]#hitbtc"
"hitbtc","Ethereum Classic","Ethereum Classic#hitbtc"
"hitbtc","Emercoin","Emercoin#hitbtc"
"hitbtc","Lisk","Lisk#hitbtc"
"hitbtc","Dogecoin","Dogecoin#hitbtc"
"hitbtc","LAToken","LAToken#hitbtc"
"hitbtc","MaidSafeCoin","MaidSafeCoin#hitbtc"
"hitbtc","Dent","Dent#hitbtc"
"hitbtc","Viberate","Viberate#hitbtc"
"hitbtc","Bancor","Bancor#hitbtc"
"hitbtc","Stratis","Stratis#hitbtc"
"hitbtc","Stox","Stox#hitbtc"
"hitbtc","SunContract","SunContract#hitbtc"
"hitbtc","NAGA","NAGA#hitbtc"
"hitbtc","Dentacoin","Dentacoin#hitbtc"
"hitbtc","AirToken","AirToken#hitbtc"
"hitbtc","ETHLend","ETHLend#hitbtc"
"hitbtc","Xaurum","Xaurum#hitbtc"
"hitbtc","Cryptopay","Cryptopay#hitbtc"
"hitbtc","SportyFi","SportyFi#hitbtc"
"hitbtc","Centra","Centra#hitbtc"
"hitbtc","Edgeless","Edgeless#hitbtc"
"hitbtc","Worldcore","Worldcore#hitbtc"
"hitbtc","Polybius","Polybius#hitbtc"
"hitbtc","AdEx","AdEx#hitbtc"
"hitbtc","Status","Status#hitbtc"
"hitbtc","Tezos (Pre-Launch)","Tezos (Pre-Launch)#hitbtc"
"hitbtc","VeChain","VeChain#hitbtc"
"hitbtc","Hive","Hive#hitbtc"
"hitbtc","VIBE","VIBE#hitbtc"
"hitbtc","Loopring","Loopring#hitbtc"
"hitbtc","DIMCOIN","DIMCOIN#hitbtc"
"hitbtc","Siacoin","Siacoin#hitbtc"
"hitbtc","Substratum","Substratum#hitbtc"
"hitbtc","Hedge","Hedge#hitbtc"
"hitbtc","DigiByte","DigiByte#hitbtc"
"hitbtc","ICON [Futures]","ICON [Futures]#hitbtc"
"hitbtc","Veritaseum","Veritaseum#hitbtc"
"hitbtc","Rivetz","Rivetz#hitbtc"
"hitbtc","Kubera Coin","Kubera Coin#hitbtc"
"hitbtc","BitDice","BitDice#hitbtc"
"hitbtc","0x","0x#hitbtc"
"hitbtc","Cryptonex","Cryptonex#hitbtc"
"hitbtc","Po.et","Po.et#hitbtc"
"hitbtc","CoinDash","CoinDash#hitbtc"
"hitbtc","bitJob","bitJob#hitbtc"
"hitbtc","Qtum","Qtum#hitbtc"
"hitbtc","SmartCash","SmartCash#hitbtc"
"hitbtc","DECENT","DECENT#hitbtc"
"hitbtc","Matchpool","Matchpool#hitbtc"
"hitbtc","Metaverse ETP","Metaverse ETP#hitbtc"
"hitbtc","OmiseGO","OmiseGO#hitbtc"
"hitbtc","Propy","Propy#hitbtc"
"hitbtc","iXledger","iXledger#hitbtc"
"hitbtc","Populous","Populous#hitbtc"
"hitbtc","COSS","COSS#hitbtc"
"hitbtc","Mothership","Mothership#hitbtc"
"hitbtc","Enjin Coin","Enjin Coin#hitbtc"
"hitbtc","Nimiq","Nimiq#hitbtc"
"hitbtc","Exchange Union","Exchange Union#hitbtc"
"hitbtc","Ethos","Ethos#hitbtc"
"hitbtc","Aeon","Aeon#hitbtc"
"hitbtc","Walton","Walton#hitbtc"
"hitbtc","ClearPoll","ClearPoll#hitbtc"
"hitbtc","Ignis [Futures]","Ignis [Futures]#hitbtc"
"hitbtc","ICOS","ICOS#hitbtc"
"hitbtc","Aeternity","Aeternity#hitbtc"
"hitbtc","ZrCoin","ZrCoin#hitbtc"
"hitbtc","Super Bitcoin","Super Bitcoin#hitbtc"
"hitbtc","Monetha","Monetha#hitbtc"
"hitbtc","MyBit Token","MyBit Token#hitbtc"
"hitbtc","LIFE","LIFE#hitbtc"
"hitbtc","Pillar","Pillar#hitbtc"
"hitbtc","MobileGo","MobileGo#hitbtc"
"hitbtc","Agrello","Agrello#hitbtc"
"hitbtc","district0x","district0x#hitbtc"
"hitbtc","TenX","TenX#hitbtc"
"hitbtc","FunFair","FunFair#hitbtc"
"hitbtc","Voise","Voise#hitbtc"
"hitbtc","Etherparty","Etherparty#hitbtc"
"hitbtc","Suretly","Suretly#hitbtc"
"hitbtc","Open Trading Network","Open Trading Network#hitbtc"
"hitbtc","Waves","Waves#hitbtc"
"hitbtc","FirstBlood","FirstBlood#hitbtc"
"hitbtc","Civic","Civic#hitbtc"
"hitbtc","Bitair","Bitair#hitbtc"
"hitbtc","Cindicator","Cindicator#hitbtc"
"hitbtc","eBitcoin","eBitcoin#hitbtc"
"hitbtc","Augur","Augur#hitbtc"
"hitbtc","FlypMe","FlypMe#hitbtc"
"hitbtc","Bytom","Bytom#hitbtc"
"hitbtc","Presearch","Presearch#hitbtc"
"hitbtc","Lunyr","Lunyr#hitbtc"
"hitbtc","Quantum","Quantum#hitbtc"
"hitbtc","Peercoin","Peercoin#hitbtc"
"hitbtc","Crystal Clear","Crystal Clear#hitbtc"
"hitbtc","FundYourselfNow","FundYourselfNow#hitbtc"
"hitbtc","SONM","SONM#hitbtc"
"hitbtc","Tierion","Tierion#hitbtc"
"hitbtc","Cofound.it","Cofound.it#hitbtc"
"hitbtc","DAO.Casino","DAO.Casino#hitbtc"
"hitbtc","Paragon","Paragon#hitbtc"
"hitbtc","HelloGold","HelloGold#hitbtc"
"hitbtc","Iconomi","Iconomi#hitbtc"
"hitbtc","DubaiCoin","DubaiCoin#hitbtc"
"hitbtc","Synereo","Synereo#hitbtc"
"hitbtc","Streamr DATAcoin","Streamr DATAcoin#hitbtc"
"hitbtc","Octanox","Octanox#hitbtc"
"hitbtc","Everex","Everex#hitbtc"
"hitbtc","Pluton","Pluton#hitbtc"
"hitbtc","KickCoin","KickCoin#hitbtc"
"hitbtc","Steem","Steem#hitbtc"
"hitbtc","DomRaider","DomRaider#hitbtc"
"hitbtc","Dovu","Dovu#hitbtc"
"hitbtc","YOYOW","YOYOW#hitbtc"
"hitbtc","Santiment Network Token","Santiment Network Token#hitbtc"
"hitbtc","Wings","Wings#hitbtc"
"hitbtc","MicroMoney","MicroMoney#hitbtc"
"hitbtc","BOScoin","BOScoin#hitbtc"
"hitbtc","NEVERDIE","NEVERDIE#hitbtc"
"hitbtc","WeTrust","WeTrust#hitbtc"
"hitbtc","Obsidian","Obsidian#hitbtc"
"hitbtc","Decentraland","Decentraland#hitbtc"
"hitbtc","Swarm City","Swarm City#hitbtc"
"hitbtc","LockChain","LockChain#hitbtc"
"hitbtc","Blackmoon Crypto","Blackmoon Crypto#hitbtc"
"hitbtc","Eroscoin","Eroscoin#hitbtc"
"hitbtc","Bitcore","Bitcore#hitbtc"
"hitbtc","Gnosis","Gnosis#hitbtc"
"hitbtc","Maecenas","Maecenas#hitbtc"
"hitbtc","Minereum","Minereum#hitbtc"
"hitbtc","Authorship","Authorship#hitbtc"
"hitbtc","Eidoo","Eidoo#hitbtc"
"hitbtc","Aragon","Aragon#hitbtc"
"hitbtc","GameCredits","GameCredits#hitbtc"
"hitbtc","MCAP","MCAP#hitbtc"
"hitbtc","Nexium","Nexium#hitbtc"
"hitbtc","Aventus","Aventus#hitbtc"
"hitbtc","SingularDTV","SingularDTV#hitbtc"
"hitbtc","Patientory","Patientory#hitbtc"
"hitbtc","ATLANT","ATLANT#hitbtc"
"hitbtc","Neblio","Neblio#hitbtc"
"hitbtc","CarTaxi Token","CarTaxi Token#hitbtc"
"hitbtc","SISA","SISA#hitbtc"
"hitbtc","Lampix","Lampix#hitbtc"
"hitbtc","ATMChain","ATMChain#hitbtc"
"hitbtc","SkinCoin","SkinCoin#hitbtc"
"hitbtc","ATBCoin","ATBCoin#hitbtc"
"hitbtc","Qvolta","Qvolta#hitbtc"
"hitbtc","CryptoInsight","CryptoInsight#hitbtc"
"hitbtc","iExec RLC","iExec RLC#hitbtc"
"hitbtc","Social","Social#hitbtc"
"hitbtc","Etheroll","Etheroll#hitbtc"
"hitbtc","Chronobank","Chronobank#hitbtc"
"hitbtc","Opus","Opus#hitbtc"
"hitbtc","Farad","Farad#hitbtc"
"hitbtc","Zeusshield","Zeusshield#hitbtc"
"hitbtc","OAX","OAX#hitbtc"
"hitbtc","Aeron","Aeron#hitbtc"
"hitbtc","Ambrosus","Ambrosus#hitbtc"
"hitbtc","Royal Kingdom Coin","Royal Kingdom Coin#hitbtc"
"hitbtc","Fujinto","Fujinto#hitbtc"
"hitbtc","TokenCard","TokenCard#hitbtc"
"hitbtc","Fantomcoin","Fantomcoin#hitbtc"
"hitbtc","Dashcoin","Dashcoin#hitbtc"
"hitbtc","Indorse Token","Indorse Token#hitbtc"
"hitbtc","BitAsean","BitAsean#hitbtc"
"hitbtc","Genesis Vision","Genesis Vision#hitbtc"
"hitbtc","UG Token","UG Token#hitbtc"
"hitbtc","EthBet","EthBet#hitbtc"
"hitbtc","CryptoPing","CryptoPing#hitbtc"
"hitbtc","Blocktix","Blocktix#hitbtc"
"hitbtc","DigixDAO","DigixDAO#hitbtc"
"hitbtc","Starbase","Starbase#hitbtc"
"hitbtc","TaaS","TaaS#hitbtc"
"hitbtc","Ethbits","Ethbits#hitbtc"
"hitbtc","Giga Watt Token","Giga Watt Token#hitbtc"
"hitbtc","Target Coin","Target Coin#hitbtc"
"hitbtc","DigitalDevelopersFund","DigitalDevelopersFund#hitbtc"
"hitbtc","Hshare","Hshare#hitbtc"
"hitbtc","ExchangeN","ExchangeN#hitbtc"
"hitbtc","Steem Dollars","Steem Dollars#hitbtc"
"hitbtc","Happycoin","Happycoin#hitbtc"
"hitbtc","Elementrem","Elementrem#hitbtc"
"hitbtc","Useless Ethereum Token","Useless Ethereum Token#hitbtc"
"hitbtc","QuazarCoin","QuazarCoin#hitbtc"
"kraken","Bitcoin","Bitcoin#kraken"
"kraken","Ripple","Ripple#kraken"
"kraken","Ethereum","Ethereum#kraken"
"kraken","Litecoin","Litecoin#kraken"
"kraken","Bitcoin Cash","Bitcoin Cash#kraken"
"kraken","Stellar","Stellar#kraken"
"kraken","Dash","Dash#kraken"
"kraken","Tether","Tether#kraken"
"kraken","Monero","Monero#kraken"
"kraken","EOS","EOS#kraken"
"kraken","Zcash","Zcash#kraken"
"kraken","Ethereum Classic","Ethereum Classic#kraken"
"kraken","Augur","Augur#kraken"
"kraken","Dogecoin","Dogecoin#kraken"
"kraken","Iconomi","Iconomi#kraken"
"kraken","Gnosis","Gnosis#kraken"
"kraken","Melon","Melon#kraken"
"coinone","Ripple","Ripple#coinone"
"coinone","Qtum","Qtum#coinone"
"coinone","Bitcoin","Bitcoin#coinone"
"coinone","Ethereum","Ethereum#coinone"
"coinone","IOTA","IOTA#coinone"
"coinone","Bitcoin Cash","Bitcoin Cash#coinone"
"coinone","Ethereum Classic","Ethereum Classic#coinone"
"coinone","Litecoin","Litecoin#coinone"
"coinone","Bitcoin Gold","Bitcoin Gold#coinone"
"bitflyer","Bitcoin","Bitcoin#bitflyer"
"bitflyer","Bitcoin Cash","Bitcoin Cash#bitflyer"
"bitflyer","Ethereum","Ethereum#bitflyer"
"bit-z","Bitcoin Cash","Bitcoin Cash#bit-z"
"bit-z","Ethereum","Ethereum#bit-z"
"bit-z","Litecoin","Litecoin#bit-z"
"bit-z","Lisk","Lisk#bit-z"
"bit-z","Factom","Factom#bit-z"
"bit-z","Zcash","Zcash#bit-z"
"bit-z","Ethereum Classic","Ethereum Classic#bit-z"
"bit-z","Dash","Dash#bit-z"
"bit-z","Asch","Asch#bit-z"
"bit-z","GXShares","GXShares#bit-z"
"bit-z","TRON","TRON#bit-z"
"bit-z","Qtum","Qtum#bit-z"
"bit-z","Hshare","Hshare#bit-z"
"bit-z","Nuls","Nuls#bit-z"
"bit-z","Bitcore","Bitcore#bit-z"
"bit-z","Monaco","Monaco#bit-z"
"bit-z","GameCredits","GameCredits#bit-z"
"bit-z","EOS","EOS#bit-z"
"bit-z","OmiseGO","OmiseGO#bit-z"
"bit-z","TenX","TenX#bit-z"
"bit-z","BlackCoin","BlackCoin#bit-z"
"bit-z","Zeusshield","Zeusshield#bit-z"
"bit-z","Viuly","Viuly#bit-z"
"bit-z","HollyWoodCoin","HollyWoodCoin#bit-z"
"bit-z","Peercoin","Peercoin#bit-z"
"bit-z","Voise","Voise#bit-z"
"bit-z","Bitcoin","Bitcoin#bit-z"
"bit-z","Sharechain","Sharechain#bit-z"
"bit-z","Primecoin","Primecoin#bit-z"
"bit-z","Oxycoin","Oxycoin#bit-z"
"bit-z","Universal Currency","Universal Currency#bit-z"
"bit-z","Dogecoin","Dogecoin#bit-z"
"bit-z","LEOcoin","LEOcoin#bit-z"
"bit-z","Particl","Particl#bit-z"
"bit-z","DigiByte","DigiByte#bit-z"
"bit-z","Bitcoin Diamond","Bitcoin Diamond#bit-z"
"bit-z","Aeron","Aeron#bit-z"
"bit-z","Ark","Ark#bit-z"
"bit-z","Bitcoin Gold","Bitcoin Gold#bit-z"
"bit-z","Open Trading Network","Open Trading Network#bit-z"
"coinnest","Hshare","Hshare#coinnest"
"coinnest","Ink","Ink#coinnest"
"coinnest","TRON","TRON#coinnest"
"coinnest","Walton","Walton#coinnest"
"coinnest","Qtum","Qtum#coinnest"
"coinnest","Ethereum","Ethereum#coinnest"
"coinnest","Bitcoin","Bitcoin#coinnest"
"coinnest","Cardano","Cardano#coinnest"
"coinnest","Kyber Network","Kyber Network#coinnest"
"coinnest","Bitcoin Diamond","Bitcoin Diamond#coinnest"
"coinnest","Energo","Energo#coinnest"
"coinnest","Bitcoin Cash","Bitcoin Cash#coinnest"
"coinnest","OmiseGO","OmiseGO#coinnest"
"coinnest","Ethereum Classic","Ethereum Classic#coinnest"
"coinnest","NEO","NEO#coinnest"
"coinnest","Monaco","Monaco#coinnest"
"coinnest","Bitcoin Gold","Bitcoin Gold#coinnest"
"coinnest","BT2 [CST]","BT2 [CST]#coinnest"
"coinnest","Gas","Gas#coinnest"
"coinnest","BT1 [CST]","BT1 [CST]#coinnest"
"btcc","Bitcoin","Bitcoin#btcc"
"btcc","Ethereum Classic","Ethereum Classic#btcc"
"btcc","Ethereum","Ethereum#btcc"
"btcc","Bitcoin Cash","Bitcoin Cash#btcc"
"ethfinex","Ethereum","Ethereum#ethfinex"
"ethfinex","EOS","EOS#ethfinex"
"ethfinex","OmiseGO","OmiseGO#ethfinex"
"ethfinex","Status","Status#ethfinex"
"ethfinex","Eidoo","Eidoo#ethfinex"
"ethfinex","Golem","Golem#ethfinex"
"ethfinex","Santiment Network Token","Santiment Network Token#ethfinex"
"ethfinex","Streamr DATAcoin","Streamr DATAcoin#ethfinex"
"ethfinex","Aventus","Aventus#ethfinex"
"btcbox","Bitcoin","Bitcoin#btcbox"
"korbit","Ripple","Ripple#korbit"
"korbit","Bitcoin","Bitcoin#korbit"
"korbit","Bitcoin Cash","Bitcoin Cash#korbit"
"korbit","Ethereum","Ethereum#korbit"
"korbit","Ethereum Classic","Ethereum Classic#korbit"
"korbit","Bitcoin Gold","Bitcoin Gold#korbit"
"zaif","Bitcoin","Bitcoin#zaif"
"zaif","NEM","NEM#zaif"
"zaif","MonaCoin","MonaCoin#zaif"
"zaif","COMSA [ETH]","COMSA [ETH]#zaif"
"zaif","COMSA [XEM]","COMSA [XEM]#zaif"
"zaif","Bitcoin Cash","Bitcoin Cash#zaif"
"zaif","Pepe Cash","Pepe Cash#zaif"
"zaif","Ethereum","Ethereum#zaif"
"zaif","Counterparty","Counterparty#zaif"
"zaif","Bitcrystals","Bitcrystals#zaif"
"zaif","Storjcoin X","Storjcoin X#zaif"
"gemini","Bitcoin","Bitcoin#gemini"
"gemini","Ethereum","Ethereum#gemini"
"exx","Ink","Ink#exx"
"exx","Bodhi","Bodhi#exx"
"exx","WhiteCoin","WhiteCoin#exx"
"exx","Bitcoin Cash","Bitcoin Cash#exx"
"exx","Ethereum","Ethereum#exx"
"exx","Bitcoin","Bitcoin#exx"
"exx","Hshare","Hshare#exx"
"exx","Litecoin","Litecoin#exx"
"exx","Qtum","Qtum#exx"
"exx","Qbao","Qbao#exx"
"exx","United Bitcoin","United Bitcoin#exx"
"exx","Bitcoin Diamond","Bitcoin Diamond#exx"
"exx","Bytom","Bytom#exx"
"exx","Ethereum Classic","Ethereum Classic#exx"
"exx","Super Bitcoin","Super Bitcoin#exx"
"exx","EOS","EOS#exx"
"exx","Monaco","Monaco#exx"
"exx","BitShares","BitShares#exx"
"exx","QASH","QASH#exx"
"exx","Metaverse ETP","Metaverse ETP#exx"
"exx","Energo","Energo#exx"
"exx","MonaCoin","MonaCoin#exx"
"fisco","Bitcoin","Bitcoin#fisco"
"fisco","MonaCoin","MonaCoin#fisco"
"quoine","Bitcoin","Bitcoin#quoine"
"quoine","Ethereum","Ethereum#quoine"
"quoine","QASH","QASH#quoine"
"quoine","Bitcoin Cash","Bitcoin Cash#quoine"
"quoine","Qtum","Qtum#quoine"
"quoine","NEO","NEO#quoine"
"quoine","Dash","Dash#quoine"
"acx","Hshare","Hshare#acx"
"acx","Bitcoin","Bitcoin#acx"
"acx","Ethereum","Ethereum#acx"
"acx","Bitcoin Cash","Bitcoin Cash#acx"
"acx","Etherparty","Etherparty#acx"
"acx","United Bitcoin","United Bitcoin#acx"
"coinsbank","Bitcoin","Bitcoin#coinsbank"
"coinsbank","Litecoin","Litecoin#coinsbank"
"lbank","Qtum","Qtum#lbank"
"lbank","Bitcoin Cash","Bitcoin Cash#lbank"
"lbank","VeChain","VeChain#lbank"
"lbank","DeepBrain Chain","DeepBrain Chain#lbank"
"lbank","Zcash","Zcash#lbank"
"lbank","Bodhi","Bodhi#lbank"
"lbank","Ink","Ink#lbank"
"lbank","NEO","NEO#lbank"
"lbank","Primas","Primas#lbank"
"lbank","Ethereum","Ethereum#lbank"
"lbank","BitShares","BitShares#lbank"
"lbank","Ethereum Classic","Ethereum Classic#lbank"
"lbank","Filecoin [Futures]","Filecoin [Futures]#lbank"
"lbank","Nebulas","Nebulas#lbank"
"lbank","YOYOW","YOYOW#lbank"
"lbank","WhiteCoin","WhiteCoin#lbank"
"exmo","Ripple","Ripple#exmo"
"exmo","Bitcoin","Bitcoin#exmo"
"exmo","Ethereum","Ethereum#exmo"
"exmo","Bitcoin Cash","Bitcoin Cash#exmo"
"exmo","Waves","Waves#exmo"
"exmo","Dash","Dash#exmo"
"exmo","Litecoin","Litecoin#exmo"
"exmo","Zcash","Zcash#exmo"
"exmo","Dogecoin","Dogecoin#exmo"
"exmo","Ethereum Classic","Ethereum Classic#exmo"
"exmo","Monero","Monero#exmo"
"exmo","Tether","Tether#exmo"
"exmo","KickCoin","KickCoin#exmo"
"bits-blockchain","ATMCoin","ATMCoin#bits-blockchain"
"bits-blockchain","Ripple","Ripple#bits-blockchain"
"bits-blockchain","Bitcoin","Bitcoin#bits-blockchain"
"bits-blockchain","Litecoin","Litecoin#bits-blockchain"
"bits-blockchain","Ethereum","Ethereum#bits-blockchain"
"bits-blockchain","Dogecoin","Dogecoin#bits-blockchain"
"zb-com","Bitcoin","Bitcoin#zb-com"
"zb-com","Ripple","Ripple#zb-com"
"zb-com","Ethereum","Ethereum#zb-com"
"zb-com","BitShares","BitShares#zb-com"
"zb-com","Hshare","Hshare#zb-com"
"zb-com","EOS","EOS#zb-com"
"zb-com","Ethereum Classic","Ethereum Classic#zb-com"
"zb-com","Qtum","Qtum#zb-com"
"zb-com","Litecoin","Litecoin#zb-com"
"zb-com","Ink","Ink#zb-com"
"zb-com","Bitcoin Cash","Bitcoin Cash#zb-com"
"yobit","Ethereum","Ethereum#yobit"
"yobit","Dash","Dash#yobit"
"yobit","Waves","Waves#yobit"
"yobit","Lisk","Lisk#yobit"
"yobit","Bitcoin Cash","Bitcoin Cash#yobit"
"yobit","SegWit2x [Futures]","SegWit2x [Futures]#yobit"
"yobit","Litecoin","Litecoin#yobit"
"yobit","Zcash","Zcash#yobit"
"yobit","Bitcoin","Bitcoin#yobit"
"yobit","Dogecoin","Dogecoin#yobit"
"yobit","Crystal Clear","Crystal Clear#yobit"
"yobit","ReddCoin","ReddCoin#yobit"
"yobit","TRON","TRON#yobit"
"yobit","DigiByte","DigiByte#yobit"
"yobit","HTML5COIN","HTML5COIN#yobit"
"yobit","Paccoin","Paccoin#yobit"
"yobit","Verge","Verge#yobit"
"yobit","DraftCoin","DraftCoin#yobit"
"yobit","Ethereum Classic","Ethereum Classic#yobit"
"yobit","Bitcoin Gold","Bitcoin Gold#yobit"
"yobit","NEM","NEM#yobit"
"yobit","Rise","Rise#yobit"
"yobit","NoLimitCoin","NoLimitCoin#yobit"
"yobit","Xios","Xios#yobit"
"yobit","XTRABYTES","XTRABYTES#yobit"
"yobit","FirstCoin","FirstCoin#yobit"
"yobit","Regalcoin","Regalcoin#yobit"
"yobit","Bitcoin Diamond","Bitcoin Diamond#yobit"
"yobit","EOS","EOS#yobit"
"yobit","LiteBitcoin","LiteBitcoin#yobit"
"yobit","Vertcoin","Vertcoin#yobit"
"yobit","United Bitcoin","United Bitcoin#yobit"
"yobit","Super Bitcoin","Super Bitcoin#yobit"
"yobit","Colossuscoin V2","Colossuscoin V2#yobit"
"yobit","Project-X","Project-X#yobit"
"yobit","Magi","Magi#yobit"
"yobit","Bitcoin Red","Bitcoin Red#yobit"
"yobit","NewYorkCoin","NewYorkCoin#yobit"
"yobit","PIVX","PIVX#yobit"
"yobit","Wagerr","Wagerr#yobit"
"yobit","Syscoin","Syscoin#yobit"
"yobit","Ethereum Cash","Ethereum Cash#yobit"
"yobit","Universal Currency","Universal Currency#yobit"
"yobit","Clams","Clams#yobit"
"yobit","TrueFlip","TrueFlip#yobit"
"yobit","bitJob","bitJob#yobit"
"yobit","Rupee","Rupee#yobit"
"yobit","BuzzCoin","BuzzCoin#yobit"
"yobit","Signatum","Signatum#yobit"
"yobit","EcoCoin","EcoCoin#yobit"
"yobit","B3Coin","B3Coin#yobit"
"yobit","Onix","Onix#yobit"
"yobit","Linda","Linda#yobit"
"yobit","Humaniq","Humaniq#yobit"
"yobit","Capricoin","Capricoin#yobit"
"yobit","PoSW Coin","PoSW Coin#yobit"
"yobit","Monaco","Monaco#yobit"
"yobit","vSlice","vSlice#yobit"
"yobit","Karmacoin","Karmacoin#yobit"
"yobit","SONM","SONM#yobit"
"yobit","E-Dinar Coin","E-Dinar Coin#yobit"
"yobit","CloakCoin","CloakCoin#yobit"
"yobit","Decred","Decred#yobit"
"yobit","Pandacoin","Pandacoin#yobit"
"yobit","Rialto","Rialto#yobit"
"yobit","Centurion","Centurion#yobit"
"yobit","Ethereum Lite","Ethereum Lite#yobit"
"yobit","Peercoin","Peercoin#yobit"
"yobit","Zennies","Zennies#yobit"
"yobit","Happycoin","Happycoin#yobit"
"yobit","Viacoin","Viacoin#yobit"
"yobit","LiteDoge","LiteDoge#yobit"
"yobit","The Vegan Initiative","The Vegan Initiative#yobit"
"yobit","CannabisCoin","CannabisCoin#yobit"
"yobit","Lunyr","Lunyr#yobit"
"yobit","GameCredits","GameCredits#yobit"
"yobit","1337","1337#yobit"
"yobit","InvestFeed","InvestFeed#yobit"
"yobit","TEKcoin","TEKcoin#yobit"
"yobit","ATBCoin","ATBCoin#yobit"
"yobit","Dimecoin","Dimecoin#yobit"
"yobit","BTCMoon","BTCMoon#yobit"
"yobit","Auroracoin","Auroracoin#yobit"
"yobit","iEthereum","iEthereum#yobit"
"yobit","ArcticCoin","ArcticCoin#yobit"
"yobit","CrevaCoin","CrevaCoin#yobit"
"yobit","IslaCoin","IslaCoin#yobit"
"yobit","B2B","B2B#yobit"
"yobit","SunContract","SunContract#yobit"
"yobit","Coimatic 2.0","Coimatic 2.0#yobit"
"yobit","MaxCoin","MaxCoin#yobit"
"yobit","AltCommunity Coin","AltCommunity Coin#yobit"
"yobit","BitShares","BitShares#yobit"
"yobit","Open Trading Network","Open Trading Network#yobit"
"yobit","Carboncoin","Carboncoin#yobit"
"yobit","InflationCoin","InflationCoin#yobit"
"yobit","SIBCoin","SIBCoin#yobit"
"yobit","TittieCoin","TittieCoin#yobit"
"yobit","Wi Coin","Wi Coin#yobit"
"yobit","KickCoin","KickCoin#yobit"
"yobit","HiCoin","HiCoin#yobit"
"yobit","Agrello","Agrello#yobit"
"yobit","Sexcoin","Sexcoin#yobit"
"yobit","LiteCoin Ultra","LiteCoin Ultra#yobit"
"yobit","TransferCoin","TransferCoin#yobit"
"yobit","CorgiCoin","CorgiCoin#yobit"
"yobit","Bitvolt","Bitvolt#yobit"
"yobit","Adzcoin","Adzcoin#yobit"
"yobit","GoldBlocks","GoldBlocks#yobit"
"yobit","2GIVE","2GIVE#yobit"
"yobit","DomRaider","DomRaider#yobit"
"yobit","HitCoin","HitCoin#yobit"
"yobit","Visio","Visio#yobit"
"yobit","GuccioneCoin","GuccioneCoin#yobit"
"yobit","Rubycoin","Rubycoin#yobit"
"yobit","Halloween Coin","Halloween Coin#yobit"
"yobit","Kurrent","Kurrent#yobit"
"yobit","Enigma","Enigma#yobit"
"yobit","Bitstar","Bitstar#yobit"
"yobit","BitBean","BitBean#yobit"
"yobit","AmsterdamCoin","AmsterdamCoin#yobit"
"yobit","Global Currency Reserve","Global Currency Reserve#yobit"
"yobit","DNotes","DNotes#yobit"
"yobit","Social","Social#yobit"
"yobit","KushCoin","KushCoin#yobit"
"yobit","Hexx","Hexx#yobit"
"yobit","Atomic Coin","Atomic Coin#yobit"
"yobit","Shadow Token","Shadow Token#yobit"
"yobit","Rcoin","Rcoin#yobit"
"yobit","Expanse","Expanse#yobit"
"yobit","Loopring","Loopring#yobit"
"yobit","Deutsche eMark","Deutsche eMark#yobit"
"yobit","Crypto Bullion","Crypto Bullion#yobit"
"yobit","X-Coin","X-Coin#yobit"
"yobit","Comet","Comet#yobit"
"yobit","ArtByte","ArtByte#yobit"
"yobit","Cryptonex","Cryptonex#yobit"
"yobit","Hyper","Hyper#yobit"
"yobit","GeyserCoin","GeyserCoin#yobit"
"yobit","Startcoin","Startcoin#yobit"
"yobit","TrumpCoin","TrumpCoin#yobit"
"yobit","netBit","netBit#yobit"
"yobit","Pakcoin","Pakcoin#yobit"
"yobit","Titcoin","Titcoin#yobit"
"yobit","Veltor","Veltor#yobit"
"yobit","Emercoin","Emercoin#yobit"
"yobit","Valorbit","Valorbit#yobit"
"yobit","USDe","USDe#yobit"
"yobit","Argus","Argus#yobit"
"yobit","WomenCoin","WomenCoin#yobit"
"yobit","Namecoin","Namecoin#yobit"
"yobit","Mavro","Mavro#yobit"
"yobit","Polybius","Polybius#yobit"
"yobit","SmartCoin","SmartCoin#yobit"
"yobit","ALIS","ALIS#yobit"
"yobit","BlueCoin","BlueCoin#yobit"
"yobit","Unify","Unify#yobit"
"yobit","Universe","Universe#yobit"
"yobit","CryptoPing","CryptoPing#yobit"
"yobit","Crown","Crown#yobit"
"yobit","BigUp","BigUp#yobit"
"yobit","Eternity","Eternity#yobit"
"yobit","Litecred","Litecred#yobit"
"yobit","Novacoin","Novacoin#yobit"
"yobit","EverGreenCoin","EverGreenCoin#yobit"
"yobit","MACRON","MACRON#yobit"
"yobit","Iconic","Iconic#yobit"
"yobit","Zurcoin","Zurcoin#yobit"
"yobit","Concoin","Concoin#yobit"
"yobit","Cryptojacks","Cryptojacks#yobit"
"yobit","Revain","Revain#yobit"
"yobit","ATLANT","ATLANT#yobit"
"yobit","GeoCoin","GeoCoin#yobit"
"yobit","BitTokens","BitTokens#yobit"
"yobit","Shorty","Shorty#yobit"
"yobit","Mao Zedong","Mao Zedong#yobit"
"yobit","Ride My Car","Ride My Car#yobit"
"yobit","Vulcano","Vulcano#yobit"
"yobit","Dashs","Dashs#yobit"
"yobit","Theresa May Coin","Theresa May Coin#yobit"
"yobit","ICOBID","ICOBID#yobit"
"yobit","Firecoin","Firecoin#yobit"
"yobit","Happy Creator Coin","Happy Creator Coin#yobit"
"yobit","Kobocoin","Kobocoin#yobit"
"yobit","Rimbit","Rimbit#yobit"
"yobit","FujiCoin","FujiCoin#yobit"
"yobit","ShadowCash","ShadowCash#yobit"
"yobit","AmberCoin","AmberCoin#yobit"
"yobit","Ratecoin","Ratecoin#yobit"
"yobit","Elementrem","Elementrem#yobit"
"yobit","HarmonyCoin","HarmonyCoin#yobit"
"yobit","Debitcoin","Debitcoin#yobit"
"yobit","HempCoin","HempCoin#yobit"
"yobit","SwapToken","SwapToken#yobit"
"yobit","PetroDollar","PetroDollar#yobit"
"yobit","Evil Coin","Evil Coin#yobit"
"yobit","Hedge","Hedge#yobit"
"yobit","RonPaulCoin","RonPaulCoin#yobit"
"yobit","InPay","InPay#yobit"
"yobit","VapersCoin","VapersCoin#yobit"
"yobit","iXledger","iXledger#yobit"
"yobit","Cabbage","Cabbage#yobit"
"yobit","BERNcash","BERNcash#yobit"
"yobit","PostCoin","PostCoin#yobit"
"yobit","MustangCoin","MustangCoin#yobit"
"yobit","AudioCoin","AudioCoin#yobit"
"yobit","ChessCoin","ChessCoin#yobit"
"yobit","ParkByte","ParkByte#yobit"
"yobit","SpreadCoin","SpreadCoin#yobit"
"yobit","SpaceCoin","SpaceCoin#yobit"
"yobit","Aces","Aces#yobit"
"yobit","LanaCoin","LanaCoin#yobit"
"yobit","Version","Version#yobit"
"yobit","Influxcoin","Influxcoin#yobit"
"yobit","EDRCoin","EDRCoin#yobit"
"yobit","Luna Coin","Luna Coin#yobit"
"yobit","TagCoin","TagCoin#yobit"
"yobit","PureVidz","PureVidz#yobit"
"yobit","Advanced Internet Blocks","Advanced Internet Blocks#yobit"
"yobit","TodayCoin","TodayCoin#yobit"
"yobit","Greencoin","Greencoin#yobit"
"yobit","Wild Beast Block","Wild Beast Block#yobit"
"yobit","Swarm City","Swarm City#yobit"
"yobit","BTCtalkcoin","BTCtalkcoin#yobit"
"yobit","Mineum","Mineum#yobit"
"yobit","iCoin","iCoin#yobit"
"yobit","VectorAI","VectorAI#yobit"
"yobit","ClubCoin","ClubCoin#yobit"
"yobit","GameUnits","GameUnits#yobit"
"yobit","Californium","Californium#yobit"
"yobit","Printerium","Printerium#yobit"
"yobit","MarxCoin","MarxCoin#yobit"
"yobit","Cannation","Cannation#yobit"
"yobit","Moneta","Moneta#yobit"
"yobit","PrismChain","PrismChain#yobit"
"yobit","iBank","iBank#yobit"
"yobit","LeaCoin","LeaCoin#yobit"
"yobit","SocialCoin","SocialCoin#yobit"
"yobit","ParallelCoin","ParallelCoin#yobit"
"yobit","Orlycoin","Orlycoin#yobit"
"yobit","Fazzcoin","Fazzcoin#yobit"
"yobit","SwagBucks","SwagBucks#yobit"
"yobit","Shilling","Shilling#yobit"
"yobit","Sativacoin","Sativacoin#yobit"
"yobit","SydPak","SydPak#yobit"
"yobit","PlatinumBAR","PlatinumBAR#yobit"
"yobit","RSGPcoin","RSGPcoin#yobit"
"yobit","Quebecoin","Quebecoin#yobit"
"yobit","TeamUp","TeamUp#yobit"
"yobit","Bitz","Bitz#yobit"
"yobit","Coin2.1","Coin2.1#yobit"
"yobit","PLNcoin","PLNcoin#yobit"
"yobit","Prime-XI","Prime-XI#yobit"
"yobit","VIP Tokens","VIP Tokens#yobit"
"yobit","Zetacoin","Zetacoin#yobit"
"yobit","MetalCoin","MetalCoin#yobit"
"yobit","Yescoin","Yescoin#yobit"
"yobit","CryptoWorldX Token","CryptoWorldX Token#yobit"
"yobit","EGO","EGO#yobit"
"yobit","DPAY","DPAY#yobit"
"yobit","PayCoin","PayCoin#yobit"
"yobit","SuperCoin","SuperCoin#yobit"
"yobit","RubleBit","RubleBit#yobit"
"yobit","Joulecoin","Joulecoin#yobit"
"yobit","Motocoin","Motocoin#yobit"
"yobit","FlavorCoin","FlavorCoin#yobit"
"yobit","Swing","Swing#yobit"
"yobit","MindCoin","MindCoin#yobit"
"yobit","Xonecoin","Xonecoin#yobit"
"yobit","PIECoin","PIECoin#yobit"
"yobit","BlazerCoin","BlazerCoin#yobit"
"yobit","Blackstar","Blackstar#yobit"
"yobit","Synergy","Synergy#yobit"
"yobit","Lazaruscoin","Lazaruscoin#yobit"
"yobit","BestChain","BestChain#yobit"
"yobit","Operand","Operand#yobit"
"yobit","MojoCoin","MojoCoin#yobit"
"yobit","GlobalBoost-Y","GlobalBoost-Y#yobit"
"yobit","SongCoin","SongCoin#yobit"
"yobit","NevaCoin","NevaCoin#yobit"
"yobit","Digital Bullion Gold","Digital Bullion Gold#yobit"
"yobit","Beatcoin","Beatcoin#yobit"
"yobit","Bitcoin 21","Bitcoin 21#yobit"
"yobit","RoyalCoin","RoyalCoin#yobit"
"yobit","Pirate Blocks","Pirate Blocks#yobit"
"yobit","Cycling Coin","Cycling Coin#yobit"
"yobit","BitAlphaCoin","BitAlphaCoin#yobit"
"yobit","Netko","Netko#yobit"
"yobit","Stress","Stress#yobit"
"yobit","GoldPieces","GoldPieces#yobit"
"yobit","LePen","LePen#yobit"
"yobit","BenjiRolls","BenjiRolls#yobit"
"yobit","Ultimate Secure Cash","Ultimate Secure Cash#yobit"
"yobit","Zonecoin","Zonecoin#yobit"
"yobit","PonziCoin","PonziCoin#yobit"
"yobit","Dalecoin","Dalecoin#yobit"
"yobit","Axiom","Axiom#yobit"
"yobit","Quotient","Quotient#yobit"
"yobit","OCOW","OCOW#yobit"
"yobit","Dreamcoin","Dreamcoin#yobit"
"yobit","Evotion","Evotion#yobit"
"yobit","Yacoin","Yacoin#yobit"
"yobit","Bolivarcoin","Bolivarcoin#yobit"
"yobit","Sharkcoin","Sharkcoin#yobit"
"yobit","High Voltage","High Voltage#yobit"
"yobit","Antilitecoin","Antilitecoin#yobit"
"yobit","Unitus","Unitus#yobit"
"yobit","Coinonat","Coinonat#yobit"
"yobit","LinkedCoin","LinkedCoin#yobit"
"yobit","ImpulseCoin","ImpulseCoin#yobit"
"yobit","JobsCoin","JobsCoin#yobit"
"yobit","NodeCoin","NodeCoin#yobit"
"yobit","BiosCrypto","BiosCrypto#yobit"
"yobit","Xaucoin","Xaucoin#yobit"
"yobit","G3N","G3N#yobit"
"yobit","InvisibleCoin","InvisibleCoin#yobit"
"yobit","BowsCoin","BowsCoin#yobit"
"yobit","Tellurion","Tellurion#yobit"
"yobit","LuckChain","LuckChain#yobit"
"yobit","Indorse Token","Indorse Token#yobit"
"yobit","KashhCoin","KashhCoin#yobit"
"yobit","SatoshiMadness","SatoshiMadness#yobit"
"yobit","CyberCoin","CyberCoin#yobit"
"yobit","Ixcoin","Ixcoin#yobit"
"yobit","Cashme","Cashme#yobit"
"yobit","PosEx","PosEx#yobit"
"yobit","CBD Crystals","CBD Crystals#yobit"
"yobit","Bitcurrency","Bitcurrency#yobit"
"yobit","OsmiumCoin","OsmiumCoin#yobit"
"yobit","Voyacoin","Voyacoin#yobit"
"yobit","KingN Coin","KingN Coin#yobit"
"yobit","E-coin","E-coin#yobit"
"yobit","AntiBitcoin","AntiBitcoin#yobit"
"yobit","ATMChain","ATMChain#yobit"
"yobit","Wink","Wink#yobit"
"yobit","Bubble","Bubble#yobit"
"yobit","XDE II","XDE II#yobit"
"yobit","DeltaCredits","DeltaCredits#yobit"
"yobit","Digital Credits","Digital Credits#yobit"
"yobit","Pulse","Pulse#yobit"
"yobit","Creatio","Creatio#yobit"
"yobit","SportsCoin","SportsCoin#yobit"
"yobit","X2","X2#yobit"
"yobit","TajCoin","TajCoin#yobit"
"yobit","WayGuide","WayGuide#yobit"
"yobit","Metal Music Coin","Metal Music Coin#yobit"
"yobit","FrankyWillCoin","FrankyWillCoin#yobit"
"yobit","Opal","Opal#yobit"
"yobit","PokeCoin","PokeCoin#yobit"
"yobit","SproutsExtreme","SproutsExtreme#yobit"
"yobit","FuzzBalls","FuzzBalls#yobit"
"yobit","P7Coin","P7Coin#yobit"
"yobit","DarkLisk","DarkLisk#yobit"
"yobit","Speedcash","Speedcash#yobit"
"yobit","MMXVI","MMXVI#yobit"
"yobit","Bitok","Bitok#yobit"
"yobit","MiloCoin","MiloCoin#yobit"
"yobit","MoneyCoin","MoneyCoin#yobit"
"yobit","TAGRcoin","TAGRcoin#yobit"
"yobit","TheCreed","TheCreed#yobit"
"yobit","Gulden","Gulden#yobit"
"yobit","PX","PX#yobit"
"yobit","LAthaan","LAthaan#yobit"
"yobit","Francs","Francs#yobit"
"yobit","Ecobit","Ecobit#yobit"
"yobit","RichCoin","RichCoin#yobit"
"yobit","Psilocybin","Psilocybin#yobit"
"yobit","Spots","Spots#yobit"
"yobit","Save and Gain","Save and Gain#yobit"
"yobit","Rubies","Rubies#yobit"
"yobit","Chronobank","Chronobank#yobit"
"yobit","ShellCoin","ShellCoin#yobit"
"yobit","SecretCoin","SecretCoin#yobit"
"yobit","Dubstep","Dubstep#yobit"
"yobit","Cream","Cream#yobit"
"yobit","GameBet Coin","GameBet Coin#yobit"
"yobit","Zayedcoin","Zayedcoin#yobit"
"yobit","OctoCoin","OctoCoin#yobit"
"yobit","SaluS","SaluS#yobit"
"yobit","Bata","Bata#yobit"
"yobit","LetItRide","LetItRide#yobit"
"yobit","ARbit","ARbit#yobit"
"yobit","Acoin","Acoin#yobit"
"yobit","Braincoin","Braincoin#yobit"
"yobit","Franko","Franko#yobit"
"yobit","Jewels","Jewels#yobit"
"yobit","WARP","WARP#yobit"
"yobit","Opescoin","Opescoin#yobit"
"yobit","WMCoin","WMCoin#yobit"
"yobit","Steps","Steps#yobit"
"yobit","Eurocoin","Eurocoin#yobit"
"yobit","FireFlyCoin","FireFlyCoin#yobit"
"yobit","BillaryCoin","BillaryCoin#yobit"
"yobit","PayCon","PayCon#yobit"
"yobit","BeaverCoin","BeaverCoin#yobit"
"yobit","Uro","Uro#yobit"
"yobit","Cypher","Cypher#yobit"
"yobit","Independent Money System","Independent Money System#yobit"
"yobit","PayPeer","PayPeer#yobit"
"yobit","Rupaya [OLD]","Rupaya [OLD]#yobit"
"yobit","Clinton","Clinton#yobit"
"yobit","Chronos","Chronos#yobit"
"yobit","Syndicate","Syndicate#yobit"
"yobit","EggCoin","EggCoin#yobit"
"yobit","Sling","Sling#yobit"
"yobit","UGAIN","UGAIN#yobit"
"yobit","Selfiecoin","Selfiecoin#yobit"
"yobit","AvatarCoin","AvatarCoin#yobit"
"yobit","AquariusCoin","AquariusCoin#yobit"
"yobit","GPU Coin","GPU Coin#yobit"
"yobit","Omicron","Omicron#yobit"
"yobit","BioBar","BioBar#yobit"
"yobit","Destiny","Destiny#yobit"
"yobit","GameLeagueCoin","GameLeagueCoin#yobit"
"yobit","Allion","Allion#yobit"
"yobit","Primulon","Primulon#yobit"
"yobit","Unrealcoin","Unrealcoin#yobit"
"yobit","GlobalCoin","GlobalCoin#yobit"
"yobit","DAPPSTER","DAPPSTER#yobit"
"yobit","Dollarcoin","Dollarcoin#yobit"
"yobit","Flycoin","Flycoin#yobit"
"yobit","TrickyCoin","TrickyCoin#yobit"
"cryptopia","Verge","Verge#cryptopia"
"cryptopia","ZClassic","ZClassic#cryptopia"
"cryptopia","Electroneum","Electroneum#cryptopia"
"cryptopia","Litecoin","Litecoin#cryptopia"
"cryptopia","Ethereum","Ethereum#cryptopia"
"cryptopia","Dogecoin","Dogecoin#cryptopia"
"cryptopia","Sumokoin","Sumokoin#cryptopia"
"cryptopia","Zero","Zero#cryptopia"
"cryptopia","Mothership","Mothership#cryptopia"
"cryptopia","Spectrecoin","Spectrecoin#cryptopia"
"cryptopia","Skycoin","Skycoin#cryptopia"
"cryptopia","ReddCoin","ReddCoin#cryptopia"
"cryptopia","XTRABYTES","XTRABYTES#cryptopia"
"cryptopia","Hush","Hush#cryptopia"
"cryptopia","SmartCash","SmartCash#cryptopia"
"cryptopia","LUXCoin","LUXCoin#cryptopia"
"cryptopia","Paccoin","Paccoin#cryptopia"
"cryptopia","Bitcoin","Bitcoin#cryptopia"
"cryptopia","DeepOnion","DeepOnion#cryptopia"
"cryptopia","Zoin","Zoin#cryptopia"
"cryptopia","Bulwark","Bulwark#cryptopia"
"cryptopia","Bitcoin Cash","Bitcoin Cash#cryptopia"
"cryptopia","Ormeus Coin","Ormeus Coin#cryptopia"
"cryptopia","DigiByte","DigiByte#cryptopia"
"cryptopia","WINCOIN","WINCOIN#cryptopia"
"cryptopia","Phore","Phore#cryptopia"
"cryptopia","Magi","Magi#cryptopia"
"cryptopia","Hshare","Hshare#cryptopia"
"cryptopia","Social Send","Social Send#cryptopia"
"cryptopia","NEO","NEO#cryptopia"
"cryptopia","GoByte","GoByte#cryptopia"
"cryptopia","Flash","Flash#cryptopia"
"cryptopia","CryptoForecast","CryptoForecast#cryptopia"
"cryptopia","Moin","Moin#cryptopia"
"cryptopia","DubaiCoin","DubaiCoin#cryptopia"
"cryptopia","Revain","Revain#cryptopia"
"cryptopia","Stratis","Stratis#cryptopia"
"cryptopia","Bismuth","Bismuth#cryptopia"
"cryptopia","Linda","Linda#cryptopia"
"cryptopia","Obsidian","Obsidian#cryptopia"
"cryptopia","ClearPoll","ClearPoll#cryptopia"
"cryptopia","Monero","Monero#cryptopia"
"cryptopia","Power Ledger","Power Ledger#cryptopia"
"cryptopia","Musicoin","Musicoin#cryptopia"
"cryptopia","Universal Currency","Universal Currency#cryptopia"
"cryptopia","PotCoin","PotCoin#cryptopia"
"cryptopia","Ethereum Dark","Ethereum Dark#cryptopia"
"cryptopia","Bitcore","Bitcore#cryptopia"
"cryptopia","NAV Coin","NAV Coin#cryptopia"
"cryptopia","Monoeci","Monoeci#cryptopia"
"cryptopia","ZenCash","ZenCash#cryptopia"
"cryptopia","EncrypGen","EncrypGen#cryptopia"
"cryptopia","Zcash","Zcash#cryptopia"
"cryptopia","BlockCAT","BlockCAT#cryptopia"
"cryptopia","OmiseGO","OmiseGO#cryptopia"
"cryptopia","Ethereum Classic","Ethereum Classic#cryptopia"
"cryptopia","NoLimitCoin","NoLimitCoin#cryptopia"
"cryptopia","Komodo","Komodo#cryptopia"
"cryptopia","PoSW Coin","PoSW Coin#cryptopia"
"cryptopia","Pirl","Pirl#cryptopia"
"cryptopia","Dash","Dash#cryptopia"
"cryptopia","Divi","Divi#cryptopia"
"cryptopia","TrezarCoin","TrezarCoin#cryptopia"
"cryptopia","Golem","Golem#cryptopia"
"cryptopia","Dotcoin","Dotcoin#cryptopia"
"cryptopia","Innova","Innova#cryptopia"
"cryptopia","Neblio","Neblio#cryptopia"
"cryptopia","Mintcoin","Mintcoin#cryptopia"
"cryptopia","Ubiq","Ubiq#cryptopia"
"cryptopia","LiteBitcoin","LiteBitcoin#cryptopia"
"cryptopia","Ellaism","Ellaism#cryptopia"
"cryptopia","Rupee","Rupee#cryptopia"
"cryptopia","NEM","NEM#cryptopia"
"cryptopia","MobileGo","MobileGo#cryptopia"
"cryptopia","GeertCoin","GeertCoin#cryptopia"
"cryptopia","PIVX","PIVX#cryptopia"
"cryptopia","TenX","TenX#cryptopia"
"cryptopia","Dimecoin","Dimecoin#cryptopia"
"cryptopia","DecentBet","DecentBet#cryptopia"
"cryptopia","StrikeBitClub","StrikeBitClub#cryptopia"
"cryptopia","Copico","Copico#cryptopia"
"cryptopia","Decision Token","Decision Token#cryptopia"
"cryptopia","Enjin Coin","Enjin Coin#cryptopia"
"cryptopia","CloakCoin","CloakCoin#cryptopia"
"cryptopia","BitBay","BitBay#cryptopia"
"cryptopia","Dentacoin","Dentacoin#cryptopia"
"cryptopia","Ark","Ark#cryptopia"
"cryptopia","Denarius","Denarius#cryptopia"
"cryptopia","MagicCoin","MagicCoin#cryptopia"
"cryptopia","Einsteinium","Einsteinium#cryptopia"
"cryptopia","LBRY Credits","LBRY Credits#cryptopia"
"cryptopia","HomeBlockCoin","HomeBlockCoin#cryptopia"
"cryptopia","DigitalPrice","DigitalPrice#cryptopia"
"cryptopia","InvestFeed","InvestFeed#cryptopia"
"cryptopia","MaidSafeCoin","MaidSafeCoin#cryptopia"
"cryptopia","BitBean","BitBean#cryptopia"
"cryptopia","ChainCoin","ChainCoin#cryptopia"
"cryptopia","ALIS","ALIS#cryptopia"
"cryptopia","VIVO","VIVO#cryptopia"
"cryptopia","ZCoin","ZCoin#cryptopia"
"cryptopia","Monkey Project","Monkey Project#cryptopia"
"cryptopia","Linx","Linx#cryptopia"
"cryptopia","Upfiring","Upfiring#cryptopia"
"cryptopia","Oyster Pearl","Oyster Pearl#cryptopia"
"cryptopia","Bytom","Bytom#cryptopia"
"cryptopia","Creativecoin","Creativecoin#cryptopia"
"cryptopia","Nexus","Nexus#cryptopia"
"cryptopia","Photon","Photon#cryptopia"
"cryptopia","Voise","Voise#cryptopia"
"cryptopia","BlackCoin","BlackCoin#cryptopia"
"cryptopia","Embers","Embers#cryptopia"
"cryptopia","Open Trading Network","Open Trading Network#cryptopia"
"cryptopia","GameCredits","GameCredits#cryptopia"
"cryptopia","EquiTrader","EquiTrader#cryptopia"
"cryptopia","Groestlcoin","Groestlcoin#cryptopia"
"cryptopia","Primecoin","Primecoin#cryptopia"
"cryptopia","Karbo","Karbo#cryptopia"
"cryptopia","Bitdeal","Bitdeal#cryptopia"
"cryptopia","CampusCoin","CampusCoin#cryptopia"
"cryptopia","Publica","Publica#cryptopia"
"cryptopia","Myriad","Myriad#cryptopia"
"cryptopia","GCoin","GCoin#cryptopia"
"cryptopia","Stealthcoin","Stealthcoin#cryptopia"
"cryptopia","Interstellar Holdings","Interstellar Holdings#cryptopia"
"cryptopia","Bitcoin Fast","Bitcoin Fast#cryptopia"
"cryptopia","CannabisCoin","CannabisCoin#cryptopia"
"cryptopia","PetroDollar","PetroDollar#cryptopia"
"cryptopia","Tokugawa","Tokugawa#cryptopia"
"cryptopia","XGOX","XGOX#cryptopia"
"cryptopia","Kurrent","Kurrent#cryptopia"
"cryptopia","Terracoin","Terracoin#cryptopia"
"cryptopia","Crave","Crave#cryptopia"
"cryptopia","DopeCoin","DopeCoin#cryptopia"
"cryptopia","VeriCoin","VeriCoin#cryptopia"
"cryptopia","Bonpay","Bonpay#cryptopia"
"cryptopia","Expanse","Expanse#cryptopia"
"cryptopia","Bitcloud","Bitcloud#cryptopia"
"cryptopia","TeslaCoin","TeslaCoin#cryptopia"
"cryptopia","Sexcoin","Sexcoin#cryptopia"
"cryptopia","Centra","Centra#cryptopia"
"cryptopia","Pura","Pura#cryptopia"
"cryptopia","Billionaire Token","Billionaire Token#cryptopia"
"cryptopia","Pillar","Pillar#cryptopia"
"cryptopia","Syndicate","Syndicate#cryptopia"
"cryptopia","Feathercoin","Feathercoin#cryptopia"
"cryptopia","CannaCoin","CannaCoin#cryptopia"
"cryptopia","Synereo","Synereo#cryptopia"
"cryptopia","Marscoin","Marscoin#cryptopia"
"cryptopia","Growers International","Growers International#cryptopia"
"cryptopia","SpreadCoin","SpreadCoin#cryptopia"
"cryptopia","Metal","Metal#cryptopia"
"cryptopia","GAY Money","GAY Money#cryptopia"
"cryptopia","LeviarCoin","LeviarCoin#cryptopia"
"cryptopia","Footy Cash","Footy Cash#cryptopia"
"cryptopia","Bongger","Bongger#cryptopia"
"cryptopia","ArtByte","ArtByte#cryptopia"
"cryptopia","Neutron","Neutron#cryptopia"
"cryptopia","ArcticCoin","ArcticCoin#cryptopia"
"cryptopia","Litecoin Plus","Litecoin Plus#cryptopia"
"cryptopia","Pioneer Coin","Pioneer Coin#cryptopia"
"cryptopia","1337","1337#cryptopia"
"cryptopia","OKCash","OKCash#cryptopia"
"cryptopia","Comet","Comet#cryptopia"
"cryptopia","Rimbit","Rimbit#cryptopia"
"cryptopia","Triangles","Triangles#cryptopia"
"cryptopia","Decred","Decred#cryptopia"
"cryptopia","Unobtanium","Unobtanium#cryptopia"
"cryptopia","Factom","Factom#cryptopia"
"cryptopia","Zeitcoin","Zeitcoin#cryptopia"
"cryptopia","Atomic Coin","Atomic Coin#cryptopia"
"cryptopia","AdShares","AdShares#cryptopia"
"cryptopia","Atmos","Atmos#cryptopia"
"cryptopia","BitSend","BitSend#cryptopia"
"cryptopia","SOILcoin","SOILcoin#cryptopia"
"cryptopia","Kyber Network","Kyber Network#cryptopia"
"cryptopia","HyperStake","HyperStake#cryptopia"
"cryptopia","Bitcoin Scrypt","Bitcoin Scrypt#cryptopia"
"cryptopia","Startcoin","Startcoin#cryptopia"
"cryptopia","Fastcoin","Fastcoin#cryptopia"
"cryptopia","Renos","Renos#cryptopia"
"cryptopia","BatCoin","BatCoin#cryptopia"
"cryptopia","InflationCoin","InflationCoin#cryptopia"
"cryptopia","ProCurrency","ProCurrency#cryptopia"
"cryptopia","Condensate","Condensate#cryptopia"
"cryptopia","Blockpool","Blockpool#cryptopia"
"cryptopia","Megacoin","Megacoin#cryptopia"
"cryptopia","CoinonatX","CoinonatX#cryptopia"
"cryptopia","PinkCoin","PinkCoin#cryptopia"
"cryptopia","DCORP","DCORP#cryptopia"
"cryptopia","Peercoin","Peercoin#cryptopia"
"cryptopia","Crypto Bullion","Crypto Bullion#cryptopia"
"cryptopia","Animecoin","Animecoin#cryptopia"
"cryptopia","808Coin","808Coin#cryptopia"
"cryptopia","Quark","Quark#cryptopia"
"cryptopia","StarCredits","StarCredits#cryptopia"
"cryptopia","Unitus","Unitus#cryptopia"
"cryptopia","Augur","Augur#cryptopia"
"cryptopia","Unify","Unify#cryptopia"
"cryptopia","MyBit Token","MyBit Token#cryptopia"
"cryptopia","BitcoinDark","BitcoinDark#cryptopia"
"cryptopia","RedCoin","RedCoin#cryptopia"
"cryptopia","KekCoin","KekCoin#cryptopia"
"cryptopia","Cryptojacks","Cryptojacks#cryptopia"
"cryptopia","Skeincoin","Skeincoin#cryptopia"
"cryptopia","GoldCoin","GoldCoin#cryptopia"
"cryptopia","LiteDoge","LiteDoge#cryptopia"
"cryptopia","MarxCoin","MarxCoin#cryptopia"
"cryptopia","DaxxCoin","DaxxCoin#cryptopia"
"cryptopia","CacheCoin","CacheCoin#cryptopia"
"cryptopia","BlockMason Credit Protocol","BlockMason Credit Protocol#cryptopia"
"cryptopia","SecureCoin","SecureCoin#cryptopia"
"cryptopia","SpaceCoin","SpaceCoin#cryptopia"
"cryptopia","EverGreenCoin","EverGreenCoin#cryptopia"
"cryptopia","Netko","Netko#cryptopia"
"cryptopia","TittieCoin","TittieCoin#cryptopia"
"cryptopia","GeoCoin","GeoCoin#cryptopia"
"cryptopia","DNotes","DNotes#cryptopia"
"cryptopia","Masternodecoin","Masternodecoin#cryptopia"
"cryptopia","X-Coin","X-Coin#cryptopia"
"cryptopia","FlutterCoin","FlutterCoin#cryptopia"
"cryptopia","Pesetacoin","Pesetacoin#cryptopia"
"cryptopia","Social","Social#cryptopia"
"cryptopia","LiteCoin Ultra","LiteCoin Ultra#cryptopia"
"cryptopia","Version","Version#cryptopia"
"cryptopia","RonPaulCoin","RonPaulCoin#cryptopia"
"cryptopia","Pascal Lite","Pascal Lite#cryptopia"
"cryptopia","Qwark","Qwark#cryptopia"
"cryptopia","Metal Music Coin","Metal Music Coin#cryptopia"
"cryptopia","Zetacoin","Zetacoin#cryptopia"
"cryptopia","BunnyCoin","BunnyCoin#cryptopia"
"cryptopia","BipCoin","BipCoin#cryptopia"
"cryptopia","Auroracoin","Auroracoin#cryptopia"
"cryptopia","Digitalcoin","Digitalcoin#cryptopia"
"cryptopia","NetCoin","NetCoin#cryptopia"
"cryptopia","SmartCoin","SmartCoin#cryptopia"
"cryptopia","UltraCoin","UltraCoin#cryptopia"
"cryptopia","KushCoin","KushCoin#cryptopia"
"cryptopia","HEAT","HEAT#cryptopia"
"cryptopia","InsaneCoin","InsaneCoin#cryptopia"
"cryptopia","Piggycoin","Piggycoin#cryptopia"
"cryptopia","EcoCoin","EcoCoin#cryptopia"
"cryptopia","MazaCoin","MazaCoin#cryptopia"
"cryptopia","Bitgem","Bitgem#cryptopia"
"cryptopia","NobleCoin","NobleCoin#cryptopia"
"cryptopia","C-Bit","C-Bit#cryptopia"
"cryptopia","Royalties","Royalties#cryptopia"
"cryptopia","ToaCoin","ToaCoin#cryptopia"
"cryptopia","Bitstar","Bitstar#cryptopia"
"cryptopia","Coimatic 3.0","Coimatic 3.0#cryptopia"
"cryptopia","EncryptoTel [ETH]","EncryptoTel [ETH]#cryptopia"
"cryptopia","Wild Crypto","Wild Crypto#cryptopia"
"cryptopia","Blocktix","Blocktix#cryptopia"
"cryptopia","Musiconomi","Musiconomi#cryptopia"
"cryptopia","DigiPulse","DigiPulse#cryptopia"
"cryptopia","42-coin","42-coin#cryptopia"
"cryptopia","ZSEcoin","ZSEcoin#cryptopia"
"cryptopia","SIBCoin","SIBCoin#cryptopia"
"cryptopia","PlatinumBAR","PlatinumBAR#cryptopia"
"cryptopia","FuelCoin","FuelCoin#cryptopia"
"cryptopia","Joulecoin","Joulecoin#cryptopia"
"cryptopia","Senderon","Senderon#cryptopia"
"cryptopia","Pandacoin","Pandacoin#cryptopia"
"cryptopia","Motocoin","Motocoin#cryptopia"
"cryptopia","Money","Money#cryptopia"
"cryptopia","IncaKoin","IncaKoin#cryptopia"
"cryptopia","Altcoin","Altcoin#cryptopia"
"cryptopia","Rubycoin","Rubycoin#cryptopia"
"cryptopia","Argus","Argus#cryptopia"
"cryptopia","Namecoin","Namecoin#cryptopia"
"cryptopia","WorldCoin","WorldCoin#cryptopia"
"cryptopia","AdCoin","AdCoin#cryptopia"
"cryptopia","TransferCoin","TransferCoin#cryptopia"
"cryptopia","Catcoin","Catcoin#cryptopia"
"cryptopia","FujiCoin","FujiCoin#cryptopia"
"cryptopia","Gnosis","Gnosis#cryptopia"
"cryptopia","Memetic / PepeCoin","Memetic / PepeCoin#cryptopia"
"cryptopia","MACRON","MACRON#cryptopia"
"cryptopia","Marijuanacoin","Marijuanacoin#cryptopia"
"cryptopia","DFSCoin","DFSCoin#cryptopia"
"cryptopia","PutinCoin","PutinCoin#cryptopia"
"cryptopia","LottoCoin","LottoCoin#cryptopia"
"cryptopia","Everus","Everus#cryptopia"
"cryptopia","Minereum","Minereum#cryptopia"
"cryptopia","Bitradio","Bitradio#cryptopia"
"cryptopia","RabbitCoin","RabbitCoin#cryptopia"
"cryptopia","OX Fina","OX Fina#cryptopia"
"cryptopia","Dalecoin","Dalecoin#cryptopia"
"cryptopia","VeriumReserve","VeriumReserve#cryptopia"
"cryptopia","QubitCoin","QubitCoin#cryptopia"
"cryptopia","Emerald Crypto","Emerald Crypto#cryptopia"
"cryptopia","iQuant","iQuant#cryptopia"
"cryptopia","Eryllium","Eryllium#cryptopia"
"cryptopia","Influxcoin","Influxcoin#cryptopia"
"cryptopia","Canada eCoin","Canada eCoin#cryptopia"
"cryptopia","Royal Kingdom Coin","Royal Kingdom Coin#cryptopia"
"cryptopia","PostCoin","PostCoin#cryptopia"
"cryptopia","SkinCoin","SkinCoin#cryptopia"
"cryptopia","Phoenixcoin","Phoenixcoin#cryptopia"
"cryptopia","e-Gulden","e-Gulden#cryptopia"
"cryptopia","Bitcoin Plus","Bitcoin Plus#cryptopia"
"cryptopia","Donationcoin","Donationcoin#cryptopia"
"cryptopia","Clams","Clams#cryptopia"
"cryptopia","Kronecoin","Kronecoin#cryptopia"
"cryptopia","BlazeCoin","BlazeCoin#cryptopia"
"cryptopia","Emercoin","Emercoin#cryptopia"
"cryptopia","Dinastycoin","Dinastycoin#cryptopia"
"cryptopia","Blakecoin","Blakecoin#cryptopia"
"cryptopia","TerraNova","TerraNova#cryptopia"
"cryptopia","Ixcoin","Ixcoin#cryptopia"
"cryptopia","ChanCoin","ChanCoin#cryptopia"
"cryptopia","Titcoin","Titcoin#cryptopia"
"cryptopia","BnrtxCoin","BnrtxCoin#cryptopia"
"cryptopia","LanaCoin","LanaCoin#cryptopia"
"cryptopia","BitCoal","BitCoal#cryptopia"
"cryptopia","Bata","Bata#cryptopia"
"cryptopia","Deutsche eMark","Deutsche eMark#cryptopia"
"cryptopia","PopularCoin","PopularCoin#cryptopia"
"cryptopia","Ratecoin","Ratecoin#cryptopia"
"cryptopia","Guncoin","Guncoin#cryptopia"
"cryptopia","DROXNE","DROXNE#cryptopia"
"cryptopia","AudioCoin","AudioCoin#cryptopia"
"cryptopia","Spots","Spots#cryptopia"
"cryptopia","ICOBID","ICOBID#cryptopia"
"cryptopia","TEKcoin","TEKcoin#cryptopia"
"cryptopia","Sakuracoin","Sakuracoin#cryptopia"
"cryptopia","SixEleven","SixEleven#cryptopia"
"cryptopia","Sterlingcoin","Sterlingcoin#cryptopia"
"cryptopia","BitBar","BitBar#cryptopia"
"cryptopia","Compcoin","Compcoin#cryptopia"
"cryptopia","Solarflarecoin","Solarflarecoin#cryptopia"
"cryptopia","CorgiCoin","CorgiCoin#cryptopia"
"cryptopia","CORION","CORION#cryptopia"
"cryptopia","TrumpCoin","TrumpCoin#cryptopia"
"cryptopia","Philosopher Stones","Philosopher Stones#cryptopia"
"cryptopia","TopCoin","TopCoin#cryptopia"
"cryptopia","8Bit","8Bit#cryptopia"
"cryptopia","The Cypherfunks","The Cypherfunks#cryptopia"
"cryptopia","PlexCoin","PlexCoin#cryptopia"
"cryptopia","AurumCoin","AurumCoin#cryptopia"
"cryptopia","Coin2.1","Coin2.1#cryptopia"
"cryptopia","AsiaCoin","AsiaCoin#cryptopia"
"cryptopia","VapersCoin","VapersCoin#cryptopia"
"cryptopia","Quatloo","Quatloo#cryptopia"
"cryptopia","Cannation","Cannation#cryptopia"
"cryptopia","PayCon","PayCon#cryptopia"
"cryptopia","Virta Unique Coin","Virta Unique Coin#cryptopia"
"cryptopia","Aricoin","Aricoin#cryptopia"
"cryptopia","Acoin","Acoin#cryptopia"
"cryptopia","Novacoin","Novacoin#cryptopia"
"cryptopia","Hexx","Hexx#cryptopia"
"cryptopia","Gold Pressed Latinum","Gold Pressed Latinum#cryptopia"
"cryptopia","Bolivarcoin","Bolivarcoin#cryptopia"
"cryptopia","GameUnits","GameUnits#cryptopia"
"cryptopia","NamoCoin","NamoCoin#cryptopia"
"cryptopia","Sativacoin","Sativacoin#cryptopia"
"cryptopia","Nyancoin","Nyancoin#cryptopia"
"cryptopia","Sphre AIR","Sphre AIR#cryptopia"
"cryptopia","MojoCoin","MojoCoin#cryptopia"
"cryptopia","Truckcoin","Truckcoin#cryptopia"
"cryptopia","Cream","Cream#cryptopia"
"cryptopia","Pakcoin","Pakcoin#cryptopia"
"cryptopia","Orbitcoin","Orbitcoin#cryptopia"
"cryptopia","LiteBar","LiteBar#cryptopia"
"cryptopia","Evil Coin","Evil Coin#cryptopia"
"cryptopia","Kobocoin","Kobocoin#cryptopia"
"cryptopia","SHACoin","SHACoin#cryptopia"
"cryptopia","Mineum","Mineum#cryptopia"
"cryptopia","Tigercoin","Tigercoin#cryptopia"
"cryptopia","DigitalDevelopersFund","DigitalDevelopersFund#cryptopia"
"cryptopia","Creatio","Creatio#cryptopia"
"cryptopia","300 Token","300 Token#cryptopia"
"cryptopia","MustangCoin","MustangCoin#cryptopia"
"cryptopia","UR","UR#cryptopia"
"cryptopia","BestChain","BestChain#cryptopia"
"cryptopia","Minex","Minex#cryptopia"
"cryptopia","TajCoin","TajCoin#cryptopia"
"cryptopia","Argentum","Argentum#cryptopia"
"cryptopia","SwagBucks","SwagBucks#cryptopia"
"cryptopia","Cubits","Cubits#cryptopia"
"cryptopia","Gapcoin","Gapcoin#cryptopia"
"cryptopia","UniCoin","UniCoin#cryptopia"
"cryptopia","CompuCoin","CompuCoin#cryptopia"
"cryptopia","BenjiRolls","BenjiRolls#cryptopia"
"cryptopia","Prime-XI","Prime-XI#cryptopia"
"cryptopia","ChessCoin","ChessCoin#cryptopia"
"cryptopia","Beatcoin","Beatcoin#cryptopia"
"cryptopia","IrishCoin","IrishCoin#cryptopia"
"cryptopia","HoboNickels","HoboNickels#cryptopia"
"cryptopia","Fonziecoin","Fonziecoin#cryptopia"
"cryptopia","Chronos","Chronos#cryptopia"
"cryptopia","Halcyon","Halcyon#cryptopia"
"cryptopia","LePen","LePen#cryptopia"
"cryptopia","Ecobit","Ecobit#cryptopia"
"cryptopia","Swing","Swing#cryptopia"
"cryptopia","Tattoocoin (Standard Edition)","Tattoocoin (Standard Edition)#cryptopia"
"cryptopia","iTicoin","iTicoin#cryptopia"
"cryptopia","Eurocoin","Eurocoin#cryptopia"
"cryptopia","LeaCoin","LeaCoin#cryptopia"
"cryptopia","Alphabit","Alphabit#cryptopia"
"cryptopia","Sharkcoin","Sharkcoin#cryptopia"
"cryptopia","GlobalBoost-Y","GlobalBoost-Y#cryptopia"
"cryptopia","BERNcash","BERNcash#cryptopia"
"cryptopia","Etheriya","Etheriya#cryptopia"
"cryptopia","PureVidz","PureVidz#cryptopia"
"cryptopia","GoldReserve","GoldReserve#cryptopia"
"cryptopia","AquariusCoin","AquariusCoin#cryptopia"
"cryptopia","Independent Money System","Independent Money System#cryptopia"
"cryptopia","Coin(O)","Coin(O)#cryptopia"
"cryptopia","HODL Bucks","HODL Bucks#cryptopia"
"cryptopia","Flaxscript","Flaxscript#cryptopia"
"cryptopia","GPU Coin","GPU Coin#cryptopia"
"cryptopia","Coinonat","Coinonat#cryptopia"
"cryptopia","Francs","Francs#cryptopia"
"cryptopia","Granite","Granite#cryptopia"
"cryptopia","BumbaCoin","BumbaCoin#cryptopia"
"cryptopia","Magnetcoin","Magnetcoin#cryptopia"
"cryptopia","Cthulhu Offerings","Cthulhu Offerings#cryptopia"
"cryptopia","Darsek","Darsek#cryptopia"
"cryptopia","Bitcedi","Bitcedi#cryptopia"
"cryptopia","RussiaCoin","RussiaCoin#cryptopia"
"cryptopia","Machinecoin","Machinecoin#cryptopia"
"cryptopia","Opal","Opal#cryptopia"
"cryptopia","Evotion","Evotion#cryptopia"
"cryptopia","OctoCoin","OctoCoin#cryptopia"
"cryptopia","GAIA","GAIA#cryptopia"
"cryptopia","NevaCoin","NevaCoin#cryptopia"
"cryptopia","FuzzBalls","FuzzBalls#cryptopia"
"cryptopia","SongCoin","SongCoin#cryptopia"
"cryptopia","Fazzcoin","Fazzcoin#cryptopia"
"cryptopia","RevolverCoin","RevolverCoin#cryptopia"
"cryptopia","Elacoin","Elacoin#cryptopia"
"cryptopia","I0Coin","I0Coin#cryptopia"
"cryptopia","Allion","Allion#cryptopia"
"cryptopia","SoonCoin","SoonCoin#cryptopia"
"cryptopia","Prototanium","Prototanium#cryptopia"
"cryptopia","GoldPieces","GoldPieces#cryptopia"
"cryptopia","WeAreSatoshi","WeAreSatoshi#cryptopia"
"cryptopia","EDRCoin","EDRCoin#cryptopia"
"cryptopia","ParallelCoin","ParallelCoin#cryptopia"
"cryptopia","Byteball Bytes","Byteball Bytes#cryptopia"
"cryptopia","Kittehcoin","Kittehcoin#cryptopia"
"cryptopia","Infinitecoin","Infinitecoin#cryptopia"
"cryptopia","Kayicoin","Kayicoin#cryptopia"
"cryptopia","Safe Exchange Coin","Safe Exchange Coin#cryptopia"
"cryptopia","EmberCoin","EmberCoin#cryptopia"
"cryptopia","Scorecoin","Scorecoin#cryptopia"
"cryptopia","BeaverCoin","BeaverCoin#cryptopia"
"cryptopia","CryptCoin","CryptCoin#cryptopia"
"cryptopia","FireFlyCoin","FireFlyCoin#cryptopia"
"cryptopia","Dashcoin","Dashcoin#cryptopia"
"liqui","TRON","TRON#liqui"
"liqui","AirSwap","AirSwap#liqui"
"liqui","Ethereum","Ethereum#liqui"
"liqui","Golem","Golem#liqui"
"liqui","AdEx","AdEx#liqui"
"liqui","Bitcoin","Bitcoin#liqui"
"liqui","Matchpool","Matchpool#liqui"
"liqui","Blackmoon Crypto","Blackmoon Crypto#liqui"
"liqui","Litecoin","Litecoin#liqui"
"liqui","Propy","Propy#liqui"
"liqui","SALT","SALT#liqui"
"liqui","Basic Attention Token","Basic Attention Token#liqui"
"liqui","SONM","SONM#liqui"
"liqui","Status","Status#liqui"
"liqui","MobileGo","MobileGo#liqui"
"liqui","Aeternity","Aeternity#liqui"
"liqui","SIRIN LABS Token","SIRIN LABS Token#liqui"
"liqui","Iconomi","Iconomi#liqui"
"liqui","EOS","EOS#liqui"
"liqui","Bitcoin Cash","Bitcoin Cash#liqui"
"liqui","Dash","Dash#liqui"
"liqui","Waves","Waves#liqui"
"liqui","TaaS","TaaS#liqui"
"liqui","Wings","Wings#liqui"
"liqui","VeChain","VeChain#liqui"
"liqui","Santiment Network Token","Santiment Network Token#liqui"
"liqui","Nimiq","Nimiq#liqui"
"liqui","Tierion","Tierion#liqui"
"liqui","Melon","Melon#liqui"
"liqui","Edgeless","Edgeless#liqui"
"liqui","Bancor","Bancor#liqui"
"liqui","Civic","Civic#liqui"
"liqui","Aragon","Aragon#liqui"
"liqui","Stox","Stox#liqui"
"liqui","TenX","TenX#liqui"
"liqui","0x","0x#liqui"
"liqui","Indorse Token","Indorse Token#liqui"
"liqui","district0x","district0x#liqui"
"liqui","Augur","Augur#liqui"
"liqui","Decentraland","Decentraland#liqui"
"liqui","Enigma","Enigma#liqui"
"liqui","Kyber Network","Kyber Network#liqui"
"liqui","Mysterium","Mysterium#liqui"
"liqui","Gnosis","Gnosis#liqui"
"liqui","Monaco","Monaco#liqui"
"liqui","Cofound.it","Cofound.it#liqui"
"liqui","OmiseGO","OmiseGO#liqui"
"liqui","Sphre AIR","Sphre AIR#liqui"
"liqui","DigixDAO","DigixDAO#liqui"
"liqui","Quantum Resistant Ledger","Quantum Resistant Ledger#liqui"
"liqui","Patientory","Patientory#liqui"
"liqui","WeTrust","WeTrust#liqui"
"liqui","TokenCard","TokenCard#liqui"
"liqui","iExec RLC","iExec RLC#liqui"
"liqui","SingularDTV","SingularDTV#liqui"
"liqui","Storj","Storj#liqui"
"liqui","Chronobank","Chronobank#liqui"
"liqui","OAX","OAX#liqui"
"liqui","Request Network","Request Network#liqui"
"liqui","FirstBlood","FirstBlood#liqui"
"liqui","Golos Gold","Golos Gold#liqui"
"liqui","Lunyr","Lunyr#liqui"
"liqui","vSlice","vSlice#liqui"
"liqui","Humaniq","Humaniq#liqui"
"liqui","Qtum","Qtum#liqui"
"liqui","Pluton","Pluton#liqui"
"liqui","Incent","Incent#liqui"
"liqui","BCAP","BCAP#liqui"
"gate-io","Ink","Ink#gate-io"
"gate-io","Ethereum","Ethereum#gate-io"
"gate-io","Bitcoin","Bitcoin#gate-io"
"gate-io","Nebulas","Nebulas#gate-io"
"gate-io","Bitcoin Diamond","Bitcoin Diamond#gate-io"
"gate-io","Bytom","Bytom#gate-io"
"gate-io","ETHLend","ETHLend#gate-io"
"gate-io","EOS","EOS#gate-io"
"gate-io","Qtum","Qtum#gate-io"
"gate-io","TRON","TRON#gate-io"
"gate-io","Dogecoin","Dogecoin#gate-io"
"gate-io","Ripple","Ripple#gate-io"
"gate-io","Litecoin","Litecoin#gate-io"
"gate-io","Hshare","Hshare#gate-io"
"gate-io","Ethereum Classic","Ethereum Classic#gate-io"
"gate-io","Bitcoin Cash","Bitcoin Cash#gate-io"
"gate-io","Bodhi","Bodhi#gate-io"
"gate-io","Bounty0x","Bounty0x#gate-io"
"gate-io","Aeternity","Aeternity#gate-io"
"gate-io","VeChain","VeChain#gate-io"
"gate-io","CoinDash","CoinDash#gate-io"
"gate-io","Medibloc","Medibloc#gate-io"
"gate-io","SmartMesh","SmartMesh#gate-io"
"gate-io","Filecoin [Futures]","Filecoin [Futures]#gate-io"
"gate-io","BitcoinX [Futures]","BitcoinX [Futures]#gate-io"
"gate-io","Decentraland","Decentraland#gate-io"
"gate-io","LLToken","LLToken#gate-io"
"gate-io","MediShares","MediShares#gate-io"
"gate-io","TenX","TenX#gate-io"
"gate-io","Status","Status#gate-io"
"gate-io","Loopring","Loopring#gate-io"
"gate-io","Ripio Credit Network","Ripio Credit Network#gate-io"
"gate-io","Centra","Centra#gate-io"
"gate-io","QASH","QASH#gate-io"
"gate-io","Qbao","Qbao#gate-io"
"gate-io","Delphy","Delphy#gate-io"
"gate-io","NEO","NEO#gate-io"
"gate-io","Dash","Dash#gate-io"
"gate-io","Zeusshield","Zeusshield#gate-io"
"gate-io","Energo","Energo#gate-io"
"gate-io","Zcash","Zcash#gate-io"
"gate-io","Quantstamp","Quantstamp#gate-io"
"gate-io","Civic","Civic#gate-io"
"gate-io","Monero","Monero#gate-io"
"gate-io","Golem","Golem#gate-io"
"gate-io","Kyber Network","Kyber Network#gate-io"
"gate-io","Super Bitcoin","Super Bitcoin#gate-io"
"gate-io","Raiden Network Token","Raiden Network Token#gate-io"
"gate-io","OmiseGO","OmiseGO#gate-io"
"gate-io","Primas","Primas#gate-io"
"gate-io","IOTA","IOTA#gate-io"
"gate-io","Storj","Storj#gate-io"
"gate-io","Moeda Loyalty Points","Moeda Loyalty Points#gate-io"
"gate-io","Dai","Dai#gate-io"
"gate-io","ICON","ICON#gate-io"
"gate-io","Streamr DATAcoin","Streamr DATAcoin#gate-io"
"gate-io","Cardano","Cardano#gate-io"
"gate-io","BlockCDN","BlockCDN#gate-io"
"gate-io","Monaco","Monaco#gate-io"
"gate-io","Bitcoin Gold","Bitcoin Gold#gate-io"
"gate-io","Basic Attention Token","Basic Attention Token#gate-io"
"gate-io","ChainLink","ChainLink#gate-io"
"gate-io","Stox","Stox#gate-io"
"gate-io","KickCoin","KickCoin#gate-io"
"gate-io","Tierion","Tierion#gate-io"
"gate-io","Tezos (Pre-Launch)","Tezos (Pre-Launch)#gate-io"
"gate-io","0x","0x#gate-io"
"gate-io","FunFair","FunFair#gate-io"
"gate-io","Gas","Gas#gate-io"
"gate-io","Maker","Maker#gate-io"
"gate-io","Request Network","Request Network#gate-io"
"gate-io","district0x","district0x#gate-io"
"gate-io","Lisk","Lisk#gate-io"
"gate-io","OAX","OAX#gate-io"
"gate-io","Power Ledger","Power Ledger#gate-io"
"gate-io","Waves","Waves#gate-io"
"gate-io","Aeron","Aeron#gate-io"
"gate-io","Augur","Augur#gate-io"
"gate-io","DigixDAO","DigixDAO#gate-io"
"gate-io","Wings","Wings#gate-io"
"cex-io","Bitcoin","Bitcoin#cex-io"
"cex-io","Ripple","Ripple#cex-io"
"cex-io","Ethereum","Ethereum#cex-io"
"cex-io","Bitcoin Cash","Bitcoin Cash#cex-io"
"cex-io","Dash","Dash#cex-io"
"cex-io","Zcash","Zcash#cex-io"
"cex-io","Bitcoin Gold","Bitcoin Gold#cex-io"
"coinbene","CyberMiles","CyberMiles#coinbene"
"coinbene","Litecoin","Litecoin#coinbene"
"coinbene","Ethereum","Ethereum#coinbene"
"coinbene","Aeternity","Aeternity#coinbene"
"coinbene","Nuls","Nuls#coinbene"
"coinbene","Moeda Loyalty Points","Moeda Loyalty Points#coinbene"
"coinbene","Ripple","Ripple#coinbene"
"coinbene","OmiseGO","OmiseGO#coinbene"
"coinbene","Bitcoin Diamond","Bitcoin Diamond#coinbene"
"coinbene","Bitcoin","Bitcoin#coinbene"
"coinbene","Tether","Tether#coinbene"
"coinbene","Bitcoin Cash","Bitcoin Cash#coinbene"
"bitcoin-indonesia","Nxt","Nxt#bitcoin-indonesia"
"bitcoin-indonesia","Ripple","Ripple#bitcoin-indonesia"
"bitcoin-indonesia","Bitcoin","Bitcoin#bitcoin-indonesia"
"bitcoin-indonesia","Stellar","Stellar#bitcoin-indonesia"
"bitcoin-indonesia","ZCoin","ZCoin#bitcoin-indonesia"
"bitcoin-indonesia","Ethereum","Ethereum#bitcoin-indonesia"
"bitcoin-indonesia","Waves","Waves#bitcoin-indonesia"
"bitcoin-indonesia","Bitcoin Cash","Bitcoin Cash#bitcoin-indonesia"
"bitcoin-indonesia","Dogecoin","Dogecoin#bitcoin-indonesia"
"bitcoin-indonesia","Litecoin","Litecoin#bitcoin-indonesia"
"bitcoin-indonesia","Bitcoin Gold","Bitcoin Gold#bitcoin-indonesia"
"bitcoin-indonesia","Ethereum Classic","Ethereum Classic#bitcoin-indonesia"
"bitcoin-indonesia","BitShares","BitShares#bitcoin-indonesia"
"bitcoin-indonesia","NEM","NEM#bitcoin-indonesia"
"bitcoin-indonesia","Dash","Dash#bitcoin-indonesia"
"koinex","Ripple","Ripple#koinex"
"koinex","Bitcoin","Bitcoin#koinex"
"koinex","Ethereum","Ethereum#koinex"
"koinex","Litecoin","Litecoin#koinex"
"koinex","Bitcoin Cash","Bitcoin Cash#koinex"
"kucoin","DeepBrain Chain","DeepBrain Chain#kucoin"
"kucoin","KuCoin Shares","KuCoin Shares#kucoin"
"kucoin","Ethereum","Ethereum#kucoin"
"kucoin","Bounty0x","Bounty0x#kucoin"
"kucoin","Red Pulse","Red Pulse#kucoin"
"kucoin","NEO","NEO#kucoin"
"kucoin","Dent","Dent#kucoin"
"kucoin","Dragonchain","Dragonchain#kucoin"
"kucoin","Litecoin","Litecoin#kucoin"
"kucoin","Oyster Pearl","Oyster Pearl#kucoin"
"kucoin","Bitcoin Cash","Bitcoin Cash#kucoin"
"kucoin","Bitcoin","Bitcoin#kucoin"
"kucoin","ETHLend","ETHLend#kucoin"
"kucoin","VeChain","VeChain#kucoin"
"kucoin","Elixir","Elixir#kucoin"
"kucoin","TrueFlip","TrueFlip#kucoin"
"kucoin","DigiByte","DigiByte#kucoin"
"kucoin","Decision Token","Decision Token#kucoin"
"kucoin","Quantstamp","Quantstamp#kucoin"
"kucoin","Change","Change#kucoin"
"kucoin","DeepOnion","DeepOnion#kucoin"
"kucoin","Flixxo","Flixxo#kucoin"
"kucoin","Publica","Publica#kucoin"
"kucoin","OmiseGO","OmiseGO#kucoin"
"kucoin","Substratum","Substratum#kucoin"
"kucoin","Achain","Achain#kucoin"
"kucoin","Power Ledger","Power Ledger#kucoin"
"kucoin","Solaris","Solaris#kucoin"
"kucoin","Dash","Dash#kucoin"
"kucoin","Asch","Asch#kucoin"
"kucoin","Bytom","Bytom#kucoin"
"kucoin","EOS","EOS#kucoin"
"kucoin","Aion","Aion#kucoin"
"kucoin","RChain","RChain#kucoin"
"kucoin","Request Network","Request Network#kucoin"
"kucoin","Walton","Walton#kucoin"
"kucoin","Modum","Modum#kucoin"
"kucoin","Unikoin Gold","Unikoin Gold#kucoin"
"kucoin","ClearPoll","ClearPoll#kucoin"
"kucoin","SONM","SONM#kucoin"
"kucoin","Kyber Network","Kyber Network#kucoin"
"kucoin","Qtum","Qtum#kucoin"
"kucoin","Monetha","Monetha#kucoin"
"kucoin","Ethereum Classic","Ethereum Classic#kucoin"
"kucoin","Everex","Everex#kucoin"
"kucoin","TenX","TenX#kucoin"
"kucoin","Status","Status#kucoin"
"kucoin","Gas","Gas#kucoin"
"kucoin","Civic","Civic#kucoin"
"kucoin","Ambrosus","Ambrosus#kucoin"
"kucoin","Nuls","Nuls#kucoin"
"kucoin","Genesis Vision","Genesis Vision#kucoin"
"kucoin","Pura","Pura#kucoin"
"kucoin","Populous","Populous#kucoin"
"kucoin","Stox","Stox#kucoin"
"kucoin","Bitcoin Gold","Bitcoin Gold#kucoin"
"kucoin","Hshare","Hshare#kucoin"
"kucoin","Raiden Network Token","Raiden Network Token#kucoin"
"kucoin","Neblio","Neblio#kucoin"
"kucoin","Revain","Revain#kucoin"
"kucoin","Bitcoin Diamond","Bitcoin Diamond#kucoin"
"kucoin","BlockMason Credit Protocol","BlockMason Credit Protocol#kucoin"
"kucoin","Confido","Confido#kucoin"
"coinegg","Ethereum","Ethereum#coinegg"
"coinegg","TRON","TRON#coinegg"
"coinegg","Bitcoin Cash","Bitcoin Cash#coinegg"
"coinegg","NEO","NEO#coinegg"
"coinegg","Qtum","Qtum#coinegg"
"coinegg","Litecoin","Litecoin#coinegg"
"coinegg","Ink","Ink#coinegg"
"coinegg","Lisk","Lisk#coinegg"
"coinegg","Dogecoin","Dogecoin#coinegg"
"coinegg","Vertcoin","Vertcoin#coinegg"
"coinegg","Ripple","Ripple#coinegg"
"coinegg","Energo","Energo#coinegg"
"coinegg","Ethereum Classic","Ethereum Classic#coinegg"
"coinegg","BitShares","BitShares#coinegg"
"coinegg","Nxt","Nxt#coinegg"
"coinegg","Asch","Asch#coinegg"
"coinegg","EarthCoin","EarthCoin#coinegg"
"coinegg","BlackCoin","BlackCoin#coinegg"
"coinegg","Stellar","Stellar#coinegg"
"coinegg","Primecoin","Primecoin#coinegg"
"coinegg","VeriCoin","VeriCoin#coinegg"
"coinegg","Zetacoin","Zetacoin#coinegg"
"coinegg","GameCredits","GameCredits#coinegg"
"aex","Bitcoin","Bitcoin#aex"
"aex","Ripple","Ripple#aex"
"aex","Ethereum","Ethereum#aex"
"aex","Litecoin","Litecoin#aex"
"aex","Bitcoin Cash","Bitcoin Cash#aex"
"aex","Nxt","Nxt#aex"
"aex","BitShares","BitShares#aex"
"aex","ZCoin","ZCoin#aex"
"aex","Dash","Dash#aex"
"aex","Dogecoin","Dogecoin#aex"
"aex","Ardor","Ardor#aex"
"aex","Stellar","Stellar#aex"
"aex","ETHLend","ETHLend#aex"
"aex","InfChain","InfChain#aex"
"aex","Ethereum Classic","Ethereum Classic#aex"
"aex","NEM","NEM#aex"
"aex","Primecoin","Primecoin#aex"
"aex","Datum","Datum#aex"
"aex","Aeternity","Aeternity#aex"
"aex","EarthCoin","EarthCoin#aex"
"aex","QASH","QASH#aex"
"aex","BitcoinX [Futures]","BitcoinX [Futures]#aex"
"aex","BlackCoin","BlackCoin#aex"
"aex","Status","Status#aex"
"aex","Cryptonite","Cryptonite#aex"
"aex","Bancor","Bancor#aex"
"aex","VPNCoin","VPNCoin#aex"
"aex","Bitcoin Diamond","Bitcoin Diamond#aex"
"aex","Syscoin","Syscoin#aex"
"aex","MergeCoin","MergeCoin#aex"
"aex","Civic","Civic#aex"
"aex","OmiseGO","OmiseGO#aex"
"aex","Super Bitcoin","Super Bitcoin#aex"
"aex","Riecoin","Riecoin#aex"
"aex","WorldCoin","WorldCoin#aex"
"aex","Quark","Quark#aex"
"aex","Megacoin","Megacoin#aex"
"aex","TagCoin","TagCoin#aex"
"itbit","Bitcoin","Bitcoin#itbit"
"livecoin","Ethereum","Ethereum#livecoin"
"livecoin","Bitcoin","Bitcoin#livecoin"
"livecoin","Bitcoin Cash","Bitcoin Cash#livecoin"
"livecoin","Litecoin","Litecoin#livecoin"
"livecoin","Lisk","Lisk#livecoin"
"livecoin","Dash","Dash#livecoin"
"livecoin","Monero","Monero#livecoin"
"livecoin","BitConnect","BitConnect#livecoin"
"livecoin","CloakCoin","CloakCoin#livecoin"
"livecoin","BitShares","BitShares#livecoin"
"livecoin","Nxt","Nxt#livecoin"
"livecoin","FirstCoin","FirstCoin#livecoin"
"livecoin","Shift","Shift#livecoin"
"livecoin","Stratis","Stratis#livecoin"
"livecoin","Dynamic Trading Rights","Dynamic Trading Rights#livecoin"
"livecoin","Waves","Waves#livecoin"
"livecoin","Emercoin","Emercoin#livecoin"
"livecoin","Syscoin","Syscoin#livecoin"
"livecoin","Chronobank","Chronobank#livecoin"
"livecoin","TerraNova","TerraNova#livecoin"
"livecoin","Soarcoin","Soarcoin#livecoin"
"livecoin","Voxels","Voxels#livecoin"
"livecoin","MaidSafeCoin","MaidSafeCoin#livecoin"
"livecoin","MonaCoin","MonaCoin#livecoin"
"livecoin","Dogecoin","Dogecoin#livecoin"
"livecoin","Karbo","Karbo#livecoin"
"livecoin","DubaiCoin","DubaiCoin#livecoin"
"livecoin","DigiByte","DigiByte#livecoin"
"livecoin","Spectrecoin","Spectrecoin#livecoin"
"livecoin","MinexCoin","MinexCoin#livecoin"
"livecoin","Creditbit","Creditbit#livecoin"
"livecoin","Moin","Moin#livecoin"
"livecoin","TechShares","TechShares#livecoin"
"livecoin","Curecoin","Curecoin#livecoin"
"livecoin","Sexcoin","Sexcoin#livecoin"
"livecoin","Open Trading Network","Open Trading Network#livecoin"
"livecoin","SIBCoin","SIBCoin#livecoin"
"livecoin","Peercoin","Peercoin#livecoin"
"livecoin","EOS","EOS#livecoin"
"livecoin","NEO","NEO#livecoin"
"livecoin","BitSend","BitSend#livecoin"
"livecoin","Burst","Burst#livecoin"
"livecoin","Sumokoin","Sumokoin#livecoin"
"livecoin","NEM","NEM#livecoin"
"livecoin","TransferCoin","TransferCoin#livecoin"
"livecoin","VeriCoin","VeriCoin#livecoin"
"livecoin","Viberate","Viberate#livecoin"
"livecoin","Incent","Incent#livecoin"
"livecoin","GOLD Reward Token","GOLD Reward Token#livecoin"
"livecoin","Quantum","Quantum#livecoin"
"livecoin","Oxycoin","Oxycoin#livecoin"
"livecoin","VeriumReserve","VeriumReserve#livecoin"
"livecoin","Capricoin","Capricoin#livecoin"
"livecoin","BlackCoin","BlackCoin#livecoin"
"livecoin","Xaurum","Xaurum#livecoin"
"livecoin","Uquid Coin","Uquid Coin#livecoin"
"livecoin","Diamond","Diamond#livecoin"
"livecoin","Status","Status#livecoin"
"livecoin","Centra","Centra#livecoin"
"livecoin","Polybius","Polybius#livecoin"
"livecoin","PoSW Coin","PoSW Coin#livecoin"
"livecoin","OmiseGO","OmiseGO#livecoin"
"livecoin","Qtum","Qtum#livecoin"
"livecoin","GameCredits","GameCredits#livecoin"
"livecoin","PIVX","PIVX#livecoin"
"livecoin","Civic","Civic#livecoin"
"livecoin","Yocoin","Yocoin#livecoin"
"livecoin","Iconomi","Iconomi#livecoin"
"livecoin","Wi Coin","Wi Coin#livecoin"
"livecoin","Paragon","Paragon#livecoin"
"livecoin","Namecoin","Namecoin#livecoin"
"livecoin","RouletteToken","RouletteToken#livecoin"
"livecoin","MobileGo","MobileGo#livecoin"
"livecoin","Novacoin","Novacoin#livecoin"
"livecoin","SolarCoin","SolarCoin#livecoin"
"livecoin","OBITS","OBITS#livecoin"
"livecoin","Golos","Golos#livecoin"
"livecoin","TenX","TenX#livecoin"
"livecoin","SportyFi","SportyFi#livecoin"
"livecoin","Veros","Veros#livecoin"
"livecoin","Groestlcoin","Groestlcoin#livecoin"
"livecoin","Enjin Coin","Enjin Coin#livecoin"
"livecoin","Monaco","Monaco#livecoin"
"livecoin","E-Dinar Coin","E-Dinar Coin#livecoin"
"livecoin","Rialto","Rialto#livecoin"
"livecoin","EventChain","EventChain#livecoin"
"livecoin","Minereum","Minereum#livecoin"
"livecoin","Macro","Macro#livecoin"
"livecoin","FunFair","FunFair#livecoin"
"livecoin","EncryptoTel [ETH]","EncryptoTel [ETH]#livecoin"
"livecoin","Hive","Hive#livecoin"
"livecoin","Espers","Espers#livecoin"
"livecoin","Adzcoin","Adzcoin#livecoin"
"livecoin","Propy","Propy#livecoin"
"livecoin","LEOcoin","LEOcoin#livecoin"
"livecoin","Fastcoin","Fastcoin#livecoin"
"livecoin","Bata","Bata#livecoin"
"livecoin","FUNCoin","FUNCoin#livecoin"
"livecoin","Matchpool","Matchpool#livecoin"
"livecoin","CryptoCarbon","CryptoCarbon#livecoin"
"livecoin","iExec RLC","iExec RLC#livecoin"
"livecoin","ArcticCoin","ArcticCoin#livecoin"
"livecoin","BlueCoin","BlueCoin#livecoin"
"livecoin","Dimecoin","Dimecoin#livecoin"
"livecoin","Decision Token","Decision Token#livecoin"
"livecoin","Peerplays","Peerplays#livecoin"
"livecoin","Helleniccoin","Helleniccoin#livecoin"
"livecoin","Avoncoin","Avoncoin#livecoin"
"livecoin","InsaneCoin","InsaneCoin#livecoin"
"livecoin","DynamicCoin","DynamicCoin#livecoin"
"livecoin","PutinCoin","PutinCoin#livecoin"
"livecoin","ATMChain","ATMChain#livecoin"
"livecoin","Voise","Voise#livecoin"
"livecoin","Elcoin","Elcoin#livecoin"
"livecoin","TrueFlip","TrueFlip#livecoin"
"livecoin","Storj","Storj#livecoin"
"livecoin","Wings","Wings#livecoin"
"livecoin","CrevaCoin","CrevaCoin#livecoin"
"livecoin","PostCoin","PostCoin#livecoin"
"livecoin","ReeCoin","ReeCoin#livecoin"
"livecoin","Ethos","Ethos#livecoin"
"livecoin","TaaS","TaaS#livecoin"
"livecoin","Eroscoin","Eroscoin#livecoin"
"livecoin","Eternity","Eternity#livecoin"
"livecoin","BitBar","BitBar#livecoin"
"livecoin","MojoCoin","MojoCoin#livecoin"
"livecoin","FinCoin","FinCoin#livecoin"
"livecoin","Vault Coin","Vault Coin#livecoin"
"livecoin","Abncoin","Abncoin#livecoin"
"livecoin","Master Swiscoin","Master Swiscoin#livecoin"
"livecoin","Bitpark Coin","Bitpark Coin#livecoin"
"livecoin","Augur","Augur#livecoin"
"livecoin","Chronologic","Chronologic#livecoin"
"livecoin","Unity Ingot","Unity Ingot#livecoin"
"livecoin","vSlice","vSlice#livecoin"
"livecoin","LandCoin","LandCoin#livecoin"
"livecoin","TrumpCoin","TrumpCoin#livecoin"
"livecoin","Zilbercoin","Zilbercoin#livecoin"
"livecoin","Gnosis","Gnosis#livecoin"
"livecoin","GoldBlocks","GoldBlocks#livecoin"
"livecoin","Flixxo","Flixxo#livecoin"
"livecoin","Rawcoin","Rawcoin#livecoin"
"livecoin","DIBCOIN","DIBCOIN#livecoin"
"livecoin","TokenCard","TokenCard#livecoin"
"livecoin","AllSafe","AllSafe#livecoin"
"livecoin","MicroMoney","MicroMoney#livecoin"
"livecoin","EncryptoTel [WAVES]","EncryptoTel [WAVES]#livecoin"
"livecoin","SingularDTV","SingularDTV#livecoin"
"livecoin","UNCoin","UNCoin#livecoin"
"livecoin","Luna Coin","Luna Coin#livecoin"
"livecoin","WeTrust","WeTrust#livecoin"
"livecoin","First Bitcoin","First Bitcoin#livecoin"
"livecoin","42-coin","42-coin#livecoin"
"livecoin","Melon","Melon#livecoin"
"livecoin","Artex Coin","Artex Coin#livecoin"
"livecoin","Dollar Online","Dollar Online#livecoin"
"livecoin","UniversalRoyalCoin","UniversalRoyalCoin#livecoin"
"livecoin","President Trump","President Trump#livecoin"
"livecoin","iTicoin","iTicoin#livecoin"
"livecoin","PiplCoin","PiplCoin#livecoin"
"livecoin","Rubies","Rubies#livecoin"
"btc-markets","Ripple","Ripple#btc-markets"
"btc-markets","Bitcoin","Bitcoin#btc-markets"
"btc-markets","Ethereum","Ethereum#btc-markets"
"btc-markets","Litecoin","Litecoin#btc-markets"
"btc-markets","Bitcoin Cash","Bitcoin Cash#btc-markets"
"btc-markets","Ethereum Classic","Ethereum Classic#btc-markets"
"bcc-exchange","BitConnect","BitConnect#bcc-exchange"
"bitgrail","RaiBlocks","RaiBlocks#bitgrail"
"bitgrail","Ethereum","Ethereum#bitgrail"
"bitgrail","Litecoin","Litecoin#bitgrail"
"bitgrail","CryptoForecast","CryptoForecast#bitgrail"
"bitgrail","Dogecoin","Dogecoin#bitgrail"
"bitgrail","Bitcoin Cash","Bitcoin Cash#bitgrail"
"bitgrail","Creativecoin","Creativecoin#bitgrail"
"bibox","Bibox Token","Bibox Token#bibox"
"bibox","Bytom","Bytom#bibox"
"bibox","IoT Chain","IoT Chain#bibox"
"bibox","Raiden Network Token","Raiden Network Token#bibox"
"bibox","CyberMiles","CyberMiles#bibox"
"bibox","Maker","Maker#bibox"
"bibox","ETHLend","ETHLend#bibox"
"bibox","Time New Bank","Time New Bank#bibox"
"bibox","Bitcoin","Bitcoin#bibox"
"bibox","aelf","aelf#bibox"
"bibox","EOS","EOS#bibox"
"bibox","Decentraland","Decentraland#bibox"
"bibox","Ethereum","Ethereum#bibox"
"bibox","Super Bitcoin","Super Bitcoin#bibox"
"bibox","ProChain","ProChain#bibox"
"bibox","Bitcoin Cash","Bitcoin Cash#bibox"
"bibox","Litecoin","Litecoin#bibox"
"bibox","Ethereum Classic","Ethereum Classic#bibox"
"wex","Bitcoin","Bitcoin#wex"
"wex","Ethereum","Ethereum#wex"
"wex","Litecoin","Litecoin#wex"
"wex","Bitcoin Cash","Bitcoin Cash#wex"
"wex","Dash","Dash#wex"
"wex","Zcash","Zcash#wex"
"wex","Peercoin","Peercoin#wex"
"wex","Namecoin","Namecoin#wex"
"wex","Novacoin","Novacoin#wex"
"bitbank","Ripple","Ripple#bitbank"
"bitbank","Bitcoin","Bitcoin#bitbank"
"bitbank","Bitcoin Cash","Bitcoin Cash#bitbank"
"bitbank","MonaCoin","MonaCoin#bitbank"
"bitbank","Ethereum","Ethereum#bitbank"
"bitbank","Litecoin","Litecoin#bitbank"
